datetime,zone,carbon,updatedAt,createdAt,emissionFactorType,isEstimated,estimationMethod,hour,dayofweek
2025-09-12 18:00:00+00:00,BE,128,2025-10-12T02:37:24.279Z,2025-09-09T23:55:08.894Z,lifecycle,False,,18,4
2025-09-12 19:00:00+00:00,BE,121,2025-10-12T02:37:24.279Z,2025-09-09T23:55:08.894Z,lifecycle,False,,19,4
2025-09-12 20:00:00+00:00,BE,135,2025-10-12T02:36:58.059Z,2025-09-09T23:54:48.731Z,lifecycle,False,,20,4
2025-09-12 21:00:00+00:00,BE,121,2025-10-12T02:37:17.287Z,2025-09-09T23:55:08.894Z,lifecycle,False,,21,4
2025-09-12 22:00:00+00:00,BE,124,2025-10-12T02:37:17.287Z,2025-09-09T23:55:08.894Z,lifecycle,False,,22,4
2025-09-12 23:00:00+00:00,BE,119,2025-10-12T02:36:58.059Z,2025-09-10T12:11:34.889Z,lifecycle,False,,23,4
2025-09-13 00:00:00+00:00,BE,115,2025-10-12T02:37:17.287Z,2025-09-10T22:40:53.756Z,lifecycle,False,,0,5
2025-09-13 01:00:00+00:00,BE,108,2025-10-01T17:31:04.676Z,2025-09-10T22:40:33.441Z,lifecycle,False,,1,5
2025-09-13 02:00:00+00:00,BE,110,2025-10-01T17:31:04.676Z,2025-09-10T23:42:27.663Z,lifecycle,False,,2,5
2025-09-13 03:00:00+00:00,BE,109,2025-10-01T17:31:04.868Z,2025-09-10T23:42:27.663Z,lifecycle,False,,3,5
2025-09-13 04:00:00+00:00,BE,111,2025-10-01T17:31:04.676Z,2025-09-10T23:42:35.665Z,lifecycle,False,,4,5
2025-09-13 05:00:00+00:00,BE,107,2025-10-01T17:31:04.868Z,2025-09-10T23:42:27.663Z,lifecycle,False,,5,5
2025-09-13 06:00:00+00:00,BE,100,2025-10-01T17:31:04.868Z,2025-09-10T23:42:18.935Z,lifecycle,False,,6,5
2025-09-13 07:00:00+00:00,BE,99,2025-10-01T17:31:04.676Z,2025-09-10T23:42:35.665Z,lifecycle,False,,7,5
2025-09-13 08:00:00+00:00,BE,85,2025-10-01T17:31:04.676Z,2025-09-10T23:42:27.663Z,lifecycle,False,,8,5
2025-09-13 09:00:00+00:00,BE,79,2025-10-01T17:31:19.672Z,2025-09-10T23:42:18.935Z,lifecycle,False,,9,5
2025-09-13 10:00:00+00:00,BE,77,2025-10-01T17:31:04.868Z,2025-09-10T23:42:35.665Z,lifecycle,False,,10,5
2025-09-13 11:00:00+00:00,BE,77,2025-10-01T17:31:04.868Z,2025-09-10T23:42:35.665Z,lifecycle,False,,11,5
2025-09-13 12:00:00+00:00,BE,79,2025-10-01T17:31:19.672Z,2025-09-10T23:42:35.665Z,lifecycle,False,,12,5
2025-09-13 13:00:00+00:00,BE,81,2025-10-01T17:31:19.672Z,2025-09-10T23:42:18.935Z,lifecycle,False,,13,5
2025-09-13 14:00:00+00:00,BE,84,2025-10-01T17:31:19.672Z,2025-09-10T23:42:27.663Z,lifecycle,False,,14,5
2025-09-13 15:00:00+00:00,BE,95,2025-10-01T17:31:04.676Z,2025-09-10T23:42:18.935Z,lifecycle,False,,15,5
2025-09-13 16:00:00+00:00,BE,94,2025-10-12T00:16:19.052Z,2025-09-10T23:42:27.663Z,lifecycle,False,,16,5
2025-09-13 17:00:00+00:00,BE,100,2025-10-12T00:16:19.267Z,2025-09-10T23:42:18.935Z,lifecycle,False,,17,5
2025-09-13 18:00:00+00:00,BE,100,2025-10-12T00:16:19.267Z,2025-09-10T23:42:27.663Z,lifecycle,False,,18,5
2025-09-13 19:00:00+00:00,BE,104,2025-10-12T00:16:19.267Z,2025-09-10T23:42:27.663Z,lifecycle,False,,19,5
2025-09-13 20:00:00+00:00,BE,104,2025-10-12T00:16:19.052Z,2025-09-10T23:42:18.935Z,lifecycle,False,,20,5
2025-09-13 21:00:00+00:00,BE,99,2025-10-12T00:16:17.675Z,2025-09-10T23:42:35.665Z,lifecycle,False,,21,5
2025-09-13 22:00:00+00:00,BE,113,2025-10-12T00:16:19.267Z,2025-09-10T23:42:18.935Z,lifecycle,False,,22,5
2025-09-13 23:00:00+00:00,BE,115,2025-10-12T00:16:19.052Z,2025-09-10T23:42:27.663Z,lifecycle,False,,23,5
2025-09-14 00:00:00+00:00,BE,111,2025-10-01T17:31:20.172Z,2025-09-11T22:25:55.156Z,lifecycle,False,,0,6
2025-09-14 01:00:00+00:00,BE,110,2025-10-01T17:31:20.148Z,2025-09-11T22:26:12.511Z,lifecycle,False,,1,6
2025-09-14 02:00:00+00:00,BE,109,2025-10-01T17:31:20.148Z,2025-09-11T23:25:41.935Z,lifecycle,False,,2,6
2025-09-14 03:00:00+00:00,BE,103,2025-10-12T00:16:17.675Z,2025-09-11T23:25:41.935Z,lifecycle,False,,3,6
2025-09-14 04:00:00+00:00,BE,99,2025-10-12T00:16:19.052Z,2025-09-11T23:25:41.935Z,lifecycle,False,,4,6
2025-09-14 05:00:00+00:00,BE,97,2025-10-12T00:16:17.675Z,2025-09-11T23:25:41.935Z,lifecycle,False,,5,6
2025-09-14 06:00:00+00:00,BE,91,2025-10-12T00:16:19.052Z,2025-09-11T23:25:41.935Z,lifecycle,False,,6,6
2025-09-14 07:00:00+00:00,BE,92,2025-10-01T17:31:20.172Z,2025-09-11T23:25:41.935Z,lifecycle,False,,7,6
2025-09-14 08:00:00+00:00,BE,81,2025-10-01T17:31:19.672Z,2025-09-11T23:25:41.935Z,lifecycle,False,,8,6
2025-09-14 09:00:00+00:00,BE,78,2025-10-01T17:31:19.672Z,2025-09-11T23:26:15.904Z,lifecycle,False,,9,6
2025-09-14 10:00:00+00:00,BE,79,2025-10-01T17:31:19.672Z,2025-09-11T23:26:01.707Z,lifecycle,False,,10,6
2025-09-14 11:00:00+00:00,BE,77,2025-10-01T17:31:20.148Z,2025-09-11T23:25:41.935Z,lifecycle,False,,11,6
2025-09-14 12:00:00+00:00,BE,80,2025-10-01T17:31:20.172Z,2025-09-11T23:25:41.935Z,lifecycle,False,,12,6
2025-09-14 13:00:00+00:00,BE,82,2025-10-01T17:31:20.148Z,2025-09-11T23:26:15.904Z,lifecycle,False,,13,6
2025-09-14 14:00:00+00:00,BE,78,2025-10-01T17:31:20.172Z,2025-09-11T23:25:41.935Z,lifecycle,False,,14,6
2025-09-14 15:00:00+00:00,BE,91,2025-10-01T17:31:19.672Z,2025-09-11T23:26:01.707Z,lifecycle,False,,15,6
2025-09-14 16:00:00+00:00,BE,99,2025-10-12T00:16:19.267Z,2025-09-11T23:25:41.935Z,lifecycle,False,,16,6
2025-09-14 17:00:00+00:00,BE,110,2025-10-12T00:16:17.675Z,2025-09-11T23:26:01.707Z,lifecycle,False,,17,6
2025-09-14 18:00:00+00:00,BE,104,2025-10-12T00:16:17.675Z,2025-09-11T23:25:41.935Z,lifecycle,False,,18,6
2025-09-14 19:00:00+00:00,BE,109,2025-10-01T17:31:20.172Z,2025-09-11T23:25:41.935Z,lifecycle,False,,19,6
2025-09-14 20:00:00+00:00,BE,100,2025-10-01T17:31:20.148Z,2025-09-11T23:26:01.707Z,lifecycle,False,,20,6
2025-09-14 21:00:00+00:00,BE,93,2025-10-01T17:31:19.672Z,2025-09-11T23:26:15.904Z,lifecycle,False,,21,6
2025-09-14 22:00:00+00:00,BE,94,2025-10-01T17:31:20.172Z,2025-09-11T23:25:41.935Z,lifecycle,False,,22,6
2025-09-14 23:00:00+00:00,BE,93,2025-10-01T17:31:19.672Z,2025-09-11T23:25:41.935Z,lifecycle,False,,23,6
2025-09-15 00:00:00+00:00,BE,86,2025-10-01T17:31:20.172Z,2025-09-12T21:25:41.676Z,lifecycle,False,,0,0
2025-09-15 01:00:00+00:00,BE,86,2025-10-01T17:31:19.672Z,2025-09-12T21:26:01.148Z,lifecycle,False,,1,0
2025-09-15 02:00:00+00:00,BE,86,2025-10-01T17:31:20.148Z,2025-09-12T21:25:41.676Z,lifecycle,False,,2,0
2025-09-15 03:00:00+00:00,BE,91,2025-10-01T17:31:34.277Z,2025-09-12T21:26:13.342Z,lifecycle,False,,3,0
2025-09-15 04:00:00+00:00,BE,101,2025-10-01T17:31:20.148Z,2025-09-12T21:26:13.342Z,lifecycle,False,,4,0
2025-09-15 05:00:00+00:00,BE,109,2025-10-01T17:31:34.277Z,2025-09-12T21:26:13.342Z,lifecycle,False,,5,0
2025-09-15 06:00:00+00:00,BE,98,2025-10-01T17:31:34.277Z,2025-09-12T21:26:01.148Z,lifecycle,False,,6,0
2025-09-15 07:00:00+00:00,BE,96,2025-10-01T17:31:34.277Z,2025-09-12T21:25:41.676Z,lifecycle,False,,7,0
2025-09-15 08:00:00+00:00,BE,79,2025-10-01T17:31:20.148Z,2025-09-12T21:26:13.342Z,lifecycle,False,,8,0
2025-09-15 09:00:00+00:00,BE,72,2025-10-01T17:31:34.277Z,2025-09-12T21:26:01.148Z,lifecycle,False,,9,0
2025-09-15 10:00:00+00:00,BE,68,2025-10-01T17:31:20.172Z,2025-09-12T21:26:13.342Z,lifecycle,False,,10,0
2025-09-15 11:00:00+00:00,BE,69,2025-10-01T17:31:34.277Z,2025-09-12T21:26:01.148Z,lifecycle,False,,11,0
2025-09-15 12:00:00+00:00,BE,75,2025-10-01T17:31:34.277Z,2025-09-12T21:25:41.676Z,lifecycle,False,,12,0
2025-09-15 13:00:00+00:00,BE,74,2025-10-01T17:31:34.277Z,2025-09-12T21:26:01.148Z,lifecycle,False,,13,0
2025-09-15 14:00:00+00:00,BE,77,2025-10-01T17:31:20.148Z,2025-09-12T21:25:41.676Z,lifecycle,False,,14,0
2025-09-15 15:00:00+00:00,BE,82,2025-10-01T17:31:34.277Z,2025-09-12T21:26:01.148Z,lifecycle,False,,15,0
2025-09-15 16:00:00+00:00,BE,91,2025-10-01T17:31:34.277Z,2025-09-12T21:26:01.148Z,lifecycle,False,,16,0
2025-09-15 17:00:00+00:00,BE,101,2025-10-01T17:31:34.299Z,2025-09-12T21:26:13.342Z,lifecycle,False,,17,0
2025-09-15 18:00:00+00:00,BE,101,2025-10-01T17:31:34.299Z,2025-09-12T21:26:01.148Z,lifecycle,False,,18,0
2025-09-15 19:00:00+00:00,BE,95,2025-10-01T17:31:34.450Z,2025-09-12T21:26:13.342Z,lifecycle,False,,19,0
2025-09-15 20:00:00+00:00,BE,93,2025-10-01T17:31:34.299Z,2025-09-12T21:26:13.342Z,lifecycle,False,,20,0
2025-09-15 21:00:00+00:00,BE,91,2025-10-01T17:31:34.277Z,2025-09-12T21:26:01.148Z,lifecycle,False,,21,0
2025-09-15 22:00:00+00:00,BE,95,2025-10-01T17:31:34.277Z,2025-09-12T23:41:10.569Z,lifecycle,False,,22,0
2025-09-15 23:00:00+00:00,BE,92,2025-10-01T17:31:34.450Z,2025-09-12T23:40:57.332Z,lifecycle,False,,23,0
2025-09-16 00:00:00+00:00,BE,89,2025-10-01T17:31:34.299Z,2025-09-13T22:40:53.835Z,lifecycle,False,,0,1
2025-09-16 01:00:00+00:00,BE,83,2025-10-01T17:31:34.450Z,2025-09-13T22:41:09.411Z,lifecycle,False,,1,1
2025-09-16 02:00:00+00:00,BE,88,2025-10-01T17:31:34.277Z,2025-09-13T23:25:44.996Z,lifecycle,False,,2,1
2025-09-16 03:00:00+00:00,BE,93,2025-10-01T17:31:34.450Z,2025-09-13T23:26:02.598Z,lifecycle,False,,3,1
2025-09-16 04:00:00+00:00,BE,102,2025-10-01T17:31:34.277Z,2025-09-13T23:25:44.996Z,lifecycle,False,,4,1
2025-09-16 05:00:00+00:00,BE,108,2025-10-01T17:31:34.277Z,2025-09-13T23:25:44.996Z,lifecycle,False,,5,1
2025-09-16 06:00:00+00:00,BE,111,2025-10-01T17:31:34.299Z,2025-09-13T23:25:44.996Z,lifecycle,False,,6,1
2025-09-16 07:00:00+00:00,BE,103,2025-10-01T17:31:34.299Z,2025-09-13T23:26:02.598Z,lifecycle,False,,7,1
2025-09-16 08:00:00+00:00,BE,76,2025-10-01T17:31:34.277Z,2025-09-13T23:25:44.996Z,lifecycle,False,,8,1
2025-09-16 09:00:00+00:00,BE,72,2025-10-01T17:31:34.277Z,2025-09-13T23:26:17.966Z,lifecycle,False,,9,1
2025-09-16 10:00:00+00:00,BE,71,2025-10-01T17:31:34.277Z,2025-09-13T23:26:17.966Z,lifecycle,False,,10,1
2025-09-16 11:00:00+00:00,BE,72,2025-10-01T17:31:34.299Z,2025-09-13T23:26:02.598Z,lifecycle,False,,11,1
2025-09-16 12:00:00+00:00,BE,72,2025-10-01T17:31:34.277Z,2025-09-13T23:26:17.966Z,lifecycle,False,,12,1
2025-09-16 13:00:00+00:00,BE,72,2025-10-01T17:31:34.299Z,2025-09-13T23:26:17.966Z,lifecycle,False,,13,1
2025-09-16 14:00:00+00:00,BE,76,2025-10-01T17:31:34.299Z,2025-09-13T23:25:44.996Z,lifecycle,False,,14,1
2025-09-16 15:00:00+00:00,BE,86,2025-10-01T17:31:34.277Z,2025-09-13T23:26:02.598Z,lifecycle,False,,15,1
2025-09-16 16:00:00+00:00,BE,100,2025-10-01T17:31:34.299Z,2025-09-13T23:26:17.966Z,lifecycle,False,,16,1
2025-09-16 17:00:00+00:00,BE,120,2025-10-12T00:16:35.438Z,2025-09-13T23:26:17.966Z,lifecycle,False,,17,1
2025-09-16 18:00:00+00:00,BE,134,2025-10-12T00:16:37.442Z,2025-09-13T23:26:02.598Z,lifecycle,False,,18,1
2025-09-16 19:00:00+00:00,BE,130,2025-10-01T17:31:34.299Z,2025-09-13T23:26:02.598Z,lifecycle,False,,19,1
2025-09-16 20:00:00+00:00,BE,122,2025-10-01T17:31:34.277Z,2025-09-13T23:26:17.966Z,lifecycle,False,,20,1
2025-09-16 21:00:00+00:00,BE,119,2025-10-01T17:31:34.299Z,2025-09-13T23:26:17.966Z,lifecycle,False,,21,1
2025-09-16 22:00:00+00:00,BE,112,2025-10-01T17:31:34.450Z,2025-09-13T23:26:02.598Z,lifecycle,False,,22,1
2025-09-16 23:00:00+00:00,BE,124,2025-10-01T17:31:34.450Z,2025-09-13T23:25:44.996Z,lifecycle,False,,23,1
2025-09-17 00:00:00+00:00,BE,116,2025-10-01T17:31:34.299Z,2025-09-14T22:40:44.734Z,lifecycle,False,,0,2
2025-09-17 01:00:00+00:00,BE,107,2025-10-01T17:31:48.069Z,2025-09-14T22:41:10.311Z,lifecycle,False,,1,2
2025-09-17 02:00:00+00:00,BE,117,2025-10-01T17:31:34.299Z,2025-09-14T23:40:45.550Z,lifecycle,False,,2,2
2025-09-17 03:00:00+00:00,BE,140,2025-10-01T17:31:34.450Z,2025-09-14T23:41:19.393Z,lifecycle,False,,3,2
2025-09-17 04:00:00+00:00,BE,158,2025-10-12T00:16:37.442Z,2025-09-14T23:41:05.573Z,lifecycle,False,,4,2
2025-09-17 05:00:00+00:00,BE,149,2025-10-12T00:16:35.438Z,2025-09-14T23:41:05.573Z,lifecycle,False,,5,2
2025-09-17 06:00:00+00:00,BE,150,2025-10-12T00:16:37.442Z,2025-09-14T23:40:45.550Z,lifecycle,False,,6,2
2025-09-17 07:00:00+00:00,BE,159,2025-10-01T17:31:34.450Z,2025-09-14T23:41:05.573Z,lifecycle,False,,7,2
2025-09-17 08:00:00+00:00,BE,116,2025-10-01T17:31:34.450Z,2025-09-14T23:41:05.573Z,lifecycle,False,,8,2
2025-09-17 09:00:00+00:00,BE,95,2025-10-01T17:31:48.069Z,2025-09-14T23:40:45.550Z,lifecycle,False,,9,2
2025-09-17 10:00:00+00:00,BE,88,2025-10-01T17:31:48.041Z,2025-09-14T23:41:05.573Z,lifecycle,False,,10,2
2025-09-17 11:00:00+00:00,BE,79,2025-10-01T17:31:48.058Z,2025-09-14T23:40:45.550Z,lifecycle,False,,11,2
2025-09-17 12:00:00+00:00,BE,80,2025-10-01T17:31:48.058Z,2025-09-14T23:41:05.573Z,lifecycle,False,,12,2
2025-09-17 13:00:00+00:00,BE,84,2025-10-01T17:31:48.058Z,2025-09-14T23:40:45.550Z,lifecycle,False,,13,2
2025-09-17 14:00:00+00:00,BE,93,2025-10-01T17:31:48.069Z,2025-09-14T23:40:45.550Z,lifecycle,False,,14,2
2025-09-17 15:00:00+00:00,BE,97,2025-10-01T17:31:48.058Z,2025-09-14T23:41:19.393Z,lifecycle,False,,15,2
2025-09-17 16:00:00+00:00,BE,114,2025-10-01T17:31:48.041Z,2025-09-14T23:41:19.393Z,lifecycle,False,,16,2
2025-09-17 17:00:00+00:00,BE,134,2025-10-01T17:31:48.069Z,2025-09-14T23:40:45.550Z,lifecycle,False,,17,2
2025-09-17 18:00:00+00:00,BE,145,2025-10-01T17:31:48.058Z,2025-09-14T23:40:45.550Z,lifecycle,False,,18,2
2025-09-17 19:00:00+00:00,BE,136,2025-10-01T17:31:48.069Z,2025-09-14T23:40:45.550Z,lifecycle,False,,19,2
2025-09-17 20:00:00+00:00,BE,131,2025-10-01T17:31:48.069Z,2025-09-14T23:41:05.573Z,lifecycle,False,,20,2
2025-09-17 21:00:00+00:00,BE,109,2025-10-01T17:31:48.058Z,2025-09-14T23:40:45.550Z,lifecycle,False,,21,2
2025-09-17 22:00:00+00:00,BE,107,2025-10-01T17:31:48.069Z,2025-09-14T23:41:05.573Z,lifecycle,False,,22,2
2025-09-17 23:00:00+00:00,BE,107,2025-10-01T17:31:48.069Z,2025-09-14T23:41:05.573Z,lifecycle,False,,23,2
2025-09-18 00:00:00+00:00,BE,101,2025-10-01T17:31:48.069Z,2025-09-15T22:25:42.362Z,lifecycle,False,,0,3
2025-09-18 01:00:00+00:00,BE,101,2025-10-01T17:31:48.069Z,2025-09-15T22:25:09.113Z,lifecycle,False,,1,3
2025-09-18 02:00:00+00:00,BE,103,2025-10-01T17:31:48.058Z,2025-09-15T23:25:21.249Z,lifecycle,False,,2,3
2025-09-18 03:00:00+00:00,BE,112,2025-10-01T17:31:48.041Z,2025-09-15T23:25:21.249Z,lifecycle,False,,3,3
2025-09-18 04:00:00+00:00,BE,116,2025-10-01T17:31:48.041Z,2025-09-15T23:25:41.505Z,lifecycle,False,,4,3
2025-09-18 05:00:00+00:00,BE,125,2025-10-01T17:31:48.058Z,2025-09-15T23:25:55.048Z,lifecycle,False,,5,3
2025-09-18 06:00:00+00:00,BE,120,2025-10-01T17:31:48.058Z,2025-09-15T23:25:55.048Z,lifecycle,False,,6,3
2025-09-18 07:00:00+00:00,BE,110,2025-10-01T17:31:48.058Z,2025-09-15T23:25:21.249Z,lifecycle,False,,7,3
2025-09-18 08:00:00+00:00,BE,99,2025-10-01T17:31:48.058Z,2025-09-15T23:25:55.048Z,lifecycle,False,,8,3
2025-09-18 09:00:00+00:00,BE,98,2025-10-01T17:31:48.069Z,2025-09-15T23:25:55.048Z,lifecycle,False,,9,3
2025-09-18 10:00:00+00:00,BE,99,2025-10-01T17:31:48.069Z,2025-09-15T23:25:21.249Z,lifecycle,False,,10,3
2025-09-18 11:00:00+00:00,BE,94,2025-10-01T17:31:48.058Z,2025-09-15T23:25:21.249Z,lifecycle,False,,11,3
2025-09-18 12:00:00+00:00,BE,95,2025-10-01T17:31:48.041Z,2025-09-15T23:25:21.249Z,lifecycle,False,,12,3
2025-09-18 13:00:00+00:00,BE,93,2025-10-01T17:31:48.041Z,2025-09-15T23:25:41.505Z,lifecycle,False,,13,3
2025-09-18 14:00:00+00:00,BE,100,2025-10-01T17:31:48.069Z,2025-09-15T23:25:21.249Z,lifecycle,False,,14,3
2025-09-18 15:00:00+00:00,BE,116,2025-10-01T17:32:02.689Z,2025-09-15T23:25:55.048Z,lifecycle,False,,15,3
2025-09-18 16:00:00+00:00,BE,145,2025-10-12T00:16:53.718Z,2025-09-15T23:25:21.249Z,lifecycle,False,,16,3
2025-09-18 17:00:00+00:00,BE,181,2025-10-01T17:32:02.689Z,2025-09-15T23:25:41.505Z,lifecycle,False,,17,3
2025-09-18 18:00:00+00:00,BE,189,2025-10-12T00:16:53.718Z,2025-09-15T23:25:55.048Z,lifecycle,False,,18,3
2025-09-18 19:00:00+00:00,BE,196,2025-10-12T00:16:52.889Z,2025-09-15T23:25:21.249Z,lifecycle,False,,19,3
2025-09-18 20:00:00+00:00,BE,182,2025-10-01T17:31:48.058Z,2025-09-15T23:25:21.249Z,lifecycle,False,,20,3
2025-09-18 21:00:00+00:00,BE,162,2025-10-01T17:32:02.689Z,2025-09-15T23:25:55.048Z,lifecycle,False,,21,3
2025-09-18 22:00:00+00:00,BE,128,2025-10-01T17:31:48.041Z,2025-09-15T23:25:41.505Z,lifecycle,False,,22,3
2025-09-18 23:00:00+00:00,BE,124,2025-10-01T17:32:02.753Z,2025-09-15T23:25:55.048Z,lifecycle,False,,23,3
2025-09-19 00:00:00+00:00,BE,123,2025-10-01T17:32:02.753Z,2025-09-16T22:41:26.703Z,lifecycle,False,,0,4
2025-09-19 01:00:00+00:00,BE,123,2025-10-01T17:32:02.689Z,2025-09-16T22:41:26.703Z,lifecycle,False,,1,4
2025-09-19 02:00:00+00:00,BE,127,2025-10-01T17:31:48.058Z,2025-09-16T23:40:29.678Z,lifecycle,False,,2,4
2025-09-19 03:00:00+00:00,BE,138,2025-10-01T17:31:48.058Z,2025-09-16T23:40:47.375Z,lifecycle,False,,3,4
2025-09-19 04:00:00+00:00,BE,158,2025-10-01T17:32:02.753Z,2025-09-16T23:40:47.375Z,lifecycle,False,,4,4
2025-09-19 05:00:00+00:00,BE,161,2025-10-01T17:32:02.689Z,2025-09-16T23:40:47.375Z,lifecycle,False,,5,4
2025-09-19 06:00:00+00:00,BE,150,2025-10-01T17:32:02.689Z,2025-09-16T23:40:29.678Z,lifecycle,False,,6,4
2025-09-19 07:00:00+00:00,BE,119,2025-10-01T17:32:02.787Z,2025-09-16T23:40:47.375Z,lifecycle,False,,7,4
2025-09-19 08:00:00+00:00,BE,98,2025-10-01T17:32:02.689Z,2025-09-16T23:40:47.375Z,lifecycle,False,,8,4
2025-09-19 09:00:00+00:00,BE,89,2025-10-01T17:32:02.787Z,2025-09-16T23:40:29.678Z,lifecycle,False,,9,4
2025-09-19 10:00:00+00:00,BE,91,2025-10-01T17:32:02.689Z,2025-09-16T23:40:47.375Z,lifecycle,False,,10,4
2025-09-19 11:00:00+00:00,BE,88,2025-10-01T17:32:02.753Z,2025-09-16T23:40:47.375Z,lifecycle,False,,11,4
2025-09-19 12:00:00+00:00,BE,88,2025-10-01T17:32:02.753Z,2025-09-16T23:40:47.375Z,lifecycle,False,,12,4
2025-09-19 13:00:00+00:00,BE,93,2025-10-01T17:32:02.787Z,2025-09-16T23:41:00.949Z,lifecycle,False,,13,4
2025-09-19 14:00:00+00:00,BE,105,2025-10-01T17:32:02.753Z,2025-09-16T23:41:00.949Z,lifecycle,False,,14,4
2025-09-19 15:00:00+00:00,BE,136,2025-10-01T17:32:02.753Z,2025-09-16T23:41:00.949Z,lifecycle,False,,15,4
2025-09-19 16:00:00+00:00,BE,169,2025-10-01T17:32:02.753Z,2025-09-16T23:41:00.949Z,lifecycle,False,,16,4
2025-09-19 17:00:00+00:00,BE,196,2025-10-01T17:32:02.689Z,2025-09-16T23:40:47.375Z,lifecycle,False,,17,4
2025-09-19 18:00:00+00:00,BE,176,2025-10-01T17:32:02.787Z,2025-09-16T23:41:00.949Z,lifecycle,False,,18,4
2025-09-19 19:00:00+00:00,BE,178,2025-10-01T17:32:02.787Z,2025-09-16T23:41:00.949Z,lifecycle,False,,19,4
2025-09-19 20:00:00+00:00,BE,142,2025-10-01T17:32:02.787Z,2025-09-16T23:41:00.949Z,lifecycle,False,,20,4
2025-09-19 21:00:00+00:00,BE,116,2025-10-12T00:17:06.261Z,2025-09-16T23:40:29.678Z,lifecycle,False,,21,4
2025-09-19 22:00:00+00:00,BE,125,2025-10-01T17:32:02.689Z,2025-09-16T23:40:47.375Z,lifecycle,False,,22,4
2025-09-19 23:00:00+00:00,BE,138,2025-10-01T17:32:02.689Z,2025-09-16T23:40:29.678Z,lifecycle,False,,23,4
2025-09-20 00:00:00+00:00,BE,123,2025-10-01T17:32:02.753Z,2025-09-17T22:40:27.059Z,lifecycle,False,,0,5
2025-09-20 01:00:00+00:00,BE,117,2025-10-01T17:32:02.787Z,2025-09-17T22:40:02.757Z,lifecycle,False,,1,5
2025-09-20 02:00:00+00:00,BE,125,2025-10-01T17:32:02.787Z,2025-09-17T23:26:29.973Z,lifecycle,False,,2,5
2025-09-20 03:00:00+00:00,BE,130,2025-10-01T17:32:02.753Z,2025-09-17T23:26:29.973Z,lifecycle,False,,3,5
2025-09-20 04:00:00+00:00,BE,131,2025-10-12T00:17:06.261Z,2025-09-17T23:26:16.437Z,lifecycle,False,,4,5
2025-09-20 05:00:00+00:00,BE,119,2025-10-12T00:17:06.261Z,2025-09-17T23:25:58.933Z,lifecycle,False,,5,5
2025-09-20 06:00:00+00:00,BE,108,2025-10-01T17:32:02.787Z,2025-09-17T23:26:29.973Z,lifecycle,False,,6,5
2025-09-20 07:00:00+00:00,BE,101,2025-10-01T17:32:02.787Z,2025-09-17T23:25:58.933Z,lifecycle,False,,7,5
2025-09-20 08:00:00+00:00,BE,118,2025-10-01T17:32:14.665Z,2025-09-17T23:26:16.437Z,lifecycle,False,,8,5
2025-09-20 09:00:00+00:00,BE,104,2025-10-01T17:32:02.753Z,2025-09-17T23:25:58.933Z,lifecycle,False,,9,5
2025-09-20 10:00:00+00:00,BE,118,2025-10-01T17:32:14.665Z,2025-09-17T23:26:29.973Z,lifecycle,False,,10,5
2025-09-20 11:00:00+00:00,BE,112,2025-10-01T17:32:02.753Z,2025-09-17T23:26:29.973Z,lifecycle,False,,11,5
2025-09-20 12:00:00+00:00,BE,95,2025-10-01T17:32:14.665Z,2025-09-17T23:26:16.437Z,lifecycle,False,,12,5
2025-09-20 13:00:00+00:00,BE,88,2025-10-01T17:32:14.665Z,2025-09-17T23:26:29.973Z,lifecycle,False,,13,5
2025-09-20 14:00:00+00:00,BE,84,2025-10-01T17:32:02.753Z,2025-09-17T23:25:58.933Z,lifecycle,False,,14,5
2025-09-20 15:00:00+00:00,BE,94,2025-10-01T17:32:14.665Z,2025-09-17T23:25:58.933Z,lifecycle,False,,15,5
2025-09-20 16:00:00+00:00,BE,91,2025-10-01T17:32:02.787Z,2025-09-17T23:25:58.933Z,lifecycle,False,,16,5
2025-09-20 17:00:00+00:00,BE,91,2025-10-01T17:32:14.665Z,2025-09-17T23:26:16.437Z,lifecycle,False,,17,5
2025-09-20 18:00:00+00:00,BE,96,2025-10-01T17:32:14.685Z,2025-09-17T23:25:58.933Z,lifecycle,False,,18,5
2025-09-20 19:00:00+00:00,BE,101,2025-10-01T17:32:14.665Z,2025-09-17T23:26:29.973Z,lifecycle,False,,19,5
2025-09-20 20:00:00+00:00,BE,94,2025-10-01T17:32:02.787Z,2025-09-17T23:25:58.933Z,lifecycle,False,,20,5
2025-09-20 21:00:00+00:00,BE,92,2025-10-01T17:32:14.665Z,2025-09-17T23:26:29.973Z,lifecycle,False,,21,5
2025-09-20 22:00:00+00:00,BE,106,2025-10-01T17:32:14.665Z,2025-09-17T23:25:58.933Z,lifecycle,False,,22,5
2025-09-20 23:00:00+00:00,BE,103,2025-10-01T17:32:14.665Z,2025-09-17T23:25:58.933Z,lifecycle,False,,23,5
2025-09-21 00:00:00+00:00,BE,95,2025-10-01T17:32:14.752Z,2025-09-18T22:56:32.404Z,lifecycle,False,,0,6
2025-09-21 01:00:00+00:00,BE,91,2025-10-01T17:32:14.752Z,2025-09-18T22:57:05.741Z,lifecycle,False,,1,6
2025-09-21 02:00:00+00:00,BE,94,2025-10-01T17:32:14.752Z,2025-09-19T00:09:56.434Z,lifecycle,False,,2,6
2025-09-21 03:00:00+00:00,BE,93,2025-10-01T17:32:14.752Z,2025-09-19T00:09:56.434Z,lifecycle,False,,3,6
2025-09-21 04:00:00+00:00,BE,97,2025-10-01T17:32:14.752Z,2025-09-19T00:10:26.741Z,lifecycle,False,,4,6
2025-09-21 05:00:00+00:00,BE,105,2025-10-01T17:32:14.685Z,2025-09-19T00:10:26.741Z,lifecycle,False,,5,6
2025-09-21 06:00:00+00:00,BE,117,2025-10-01T17:32:14.685Z,2025-09-19T00:10:13.668Z,lifecycle,False,,6,6
2025-09-21 07:00:00+00:00,BE,114,2025-10-01T17:32:14.665Z,2025-09-19T00:10:13.668Z,lifecycle,False,,7,6
2025-09-21 08:00:00+00:00,BE,109,2025-10-01T17:32:14.752Z,2025-09-19T00:09:56.434Z,lifecycle,False,,8,6
2025-09-21 09:00:00+00:00,BE,103,2025-10-12T00:17:06.062Z,2025-09-19T00:10:26.741Z,lifecycle,False,,9,6
2025-09-21 10:00:00+00:00,BE,106,2025-10-12T00:17:06.261Z,2025-09-19T00:10:26.741Z,lifecycle,False,,10,6
2025-09-21 11:00:00+00:00,BE,106,2025-10-12T00:17:06.261Z,2025-09-19T00:10:26.741Z,lifecycle,False,,11,6
2025-09-21 12:00:00+00:00,BE,107,2025-10-12T00:17:18.523Z,2025-09-19T00:10:26.741Z,lifecycle,False,,12,6
2025-09-21 13:00:00+00:00,BE,108,2025-10-01T17:32:14.685Z,2025-09-19T00:09:56.434Z,lifecycle,False,,13,6
2025-09-21 14:00:00+00:00,BE,97,2025-10-01T17:32:14.665Z,2025-09-19T00:10:26.741Z,lifecycle,False,,14,6
2025-09-21 15:00:00+00:00,BE,105,2025-10-01T17:32:14.665Z,2025-09-19T00:09:56.434Z,lifecycle,False,,15,6
2025-09-21 16:00:00+00:00,BE,122,2025-10-12T00:17:17.227Z,2025-09-19T00:10:13.668Z,lifecycle,False,,16,6
2025-09-21 17:00:00+00:00,BE,138,2025-10-12T00:17:18.770Z,2025-09-19T00:09:56.434Z,lifecycle,False,,17,6
2025-09-21 18:00:00+00:00,BE,147,2025-10-12T00:17:18.770Z,2025-09-19T00:10:26.741Z,lifecycle,False,,18,6
2025-09-21 19:00:00+00:00,BE,131,2025-10-12T00:17:18.770Z,2025-09-19T00:09:56.434Z,lifecycle,False,,19,6
2025-09-21 20:00:00+00:00,BE,130,2025-10-12T00:17:18.770Z,2025-09-19T00:10:13.668Z,lifecycle,False,,20,6
2025-09-21 21:00:00+00:00,BE,116,2025-10-01T17:32:14.665Z,2025-09-19T00:09:56.434Z,lifecycle,False,,21,6
2025-09-21 22:00:00+00:00,BE,105,2025-10-01T17:32:14.752Z,2025-09-19T00:09:56.434Z,lifecycle,False,,22,6
2025-09-21 23:00:00+00:00,BE,106,2025-10-01T17:32:14.665Z,2025-09-19T00:09:56.434Z,lifecycle,False,,23,6
2025-09-22 00:00:00+00:00,BE,108,2025-10-01T17:32:14.685Z,2025-09-19T21:25:49.963Z,lifecycle,False,,0,0
2025-09-22 01:00:00+00:00,BE,112,2025-10-01T17:32:14.685Z,2025-09-19T21:26:21.676Z,lifecycle,False,,1,0
2025-09-22 02:00:00+00:00,BE,113,2025-10-01T17:32:27.572Z,2025-09-19T21:25:49.963Z,lifecycle,False,,2,0
2025-09-22 03:00:00+00:00,BE,120,2025-10-01T17:32:27.572Z,2025-09-19T21:26:21.676Z,lifecycle,False,,3,0
2025-09-22 04:00:00+00:00,BE,125,2025-10-01T17:32:14.685Z,2025-09-19T21:26:21.676Z,lifecycle,False,,4,0
2025-09-22 05:00:00+00:00,BE,134,2025-10-01T17:32:27.572Z,2025-09-19T21:26:21.676Z,lifecycle,False,,5,0
2025-09-22 06:00:00+00:00,BE,135,2025-10-01T17:32:27.572Z,2025-09-19T21:26:07.763Z,lifecycle,False,,6,0
2025-09-22 07:00:00+00:00,BE,115,2025-10-01T17:32:14.752Z,2025-09-19T21:26:07.763Z,lifecycle,False,,7,0
2025-09-22 08:00:00+00:00,BE,92,2025-10-01T17:32:14.685Z,2025-09-19T21:26:21.676Z,lifecycle,False,,8,0
2025-09-22 09:00:00+00:00,BE,93,2025-10-01T17:32:27.865Z,2025-09-19T21:26:21.676Z,lifecycle,False,,9,0
2025-09-22 10:00:00+00:00,BE,91,2025-10-01T17:32:27.572Z,2025-09-19T21:26:07.763Z,lifecycle,False,,10,0
2025-09-22 11:00:00+00:00,BE,95,2025-10-01T17:32:27.865Z,2025-09-19T21:26:07.763Z,lifecycle,False,,11,0
2025-09-22 12:00:00+00:00,BE,100,2025-10-01T17:32:27.572Z,2025-09-19T21:26:07.763Z,lifecycle,False,,12,0
2025-09-22 13:00:00+00:00,BE,107,2025-10-01T17:32:27.865Z,2025-09-19T21:26:07.763Z,lifecycle,False,,13,0
2025-09-22 14:00:00+00:00,BE,117,2025-10-01T17:32:27.572Z,2025-09-19T21:26:21.676Z,lifecycle,False,,14,0
2025-09-22 15:00:00+00:00,BE,132,2025-10-01T17:32:27.572Z,2025-09-19T21:25:49.963Z,lifecycle,False,,15,0
2025-09-22 16:00:00+00:00,BE,164,2025-10-01T17:32:27.865Z,2025-09-19T21:25:49.963Z,lifecycle,False,,16,0
2025-09-22 17:00:00+00:00,BE,183,2025-10-01T17:32:27.572Z,2025-09-19T21:26:07.763Z,lifecycle,False,,17,0
2025-09-22 18:00:00+00:00,BE,183,2025-10-01T17:32:27.572Z,2025-09-19T21:26:21.676Z,lifecycle,False,,18,0
2025-09-22 19:00:00+00:00,BE,177,2025-10-01T17:32:27.848Z,2025-09-19T21:26:07.763Z,lifecycle,False,,19,0
2025-09-22 20:00:00+00:00,BE,188,2025-10-01T17:32:27.572Z,2025-09-19T21:26:21.676Z,lifecycle,False,,20,0
2025-09-22 21:00:00+00:00,BE,186,2025-10-01T17:32:27.848Z,2025-09-19T21:26:21.676Z,lifecycle,False,,21,0
2025-09-22 22:00:00+00:00,BE,175,2025-10-01T17:32:27.572Z,2025-09-19T23:24:59.623Z,lifecycle,False,,22,0
2025-09-22 23:00:00+00:00,BE,175,2025-10-03T00:41:24.652Z,2025-09-19T23:24:59.623Z,lifecycle,False,,23,0
2025-09-23 00:00:00+00:00,BE,177,2025-10-03T00:41:24.652Z,2025-09-20T22:56:11.056Z,lifecycle,False,,0,1
2025-09-23 01:00:00+00:00,BE,201,2025-10-03T00:41:24.652Z,2025-09-20T22:55:45.057Z,lifecycle,False,,1,1
2025-09-23 02:00:00+00:00,BE,199,2025-10-03T00:41:24.652Z,2025-09-20T23:26:33.571Z,lifecycle,False,,2,1
2025-09-23 03:00:00+00:00,BE,197,2025-10-12T00:17:18.523Z,2025-09-20T23:26:19.038Z,lifecycle,False,,3,1
2025-09-23 04:00:00+00:00,BE,183,2025-10-01T17:32:27.865Z,2025-09-20T23:26:51.924Z,lifecycle,False,,4,1
2025-09-23 05:00:00+00:00,BE,194,2025-10-12T00:17:18.523Z,2025-09-20T23:26:51.924Z,lifecycle,False,,5,1
2025-09-23 06:00:00+00:00,BE,195,2025-10-12T00:17:17.227Z,2025-09-20T23:26:33.571Z,lifecycle,False,,6,1
2025-09-23 07:00:00+00:00,BE,181,2025-10-12T00:17:18.770Z,2025-09-20T23:26:19.038Z,lifecycle,False,,7,1
2025-09-23 08:00:00+00:00,BE,136,2025-10-01T17:32:27.865Z,2025-09-20T23:26:33.571Z,lifecycle,False,,8,1
2025-09-23 09:00:00+00:00,BE,111,2025-10-01T17:32:27.848Z,2025-09-20T23:26:51.924Z,lifecycle,False,,9,1
2025-09-23 10:00:00+00:00,BE,109,2025-10-01T17:32:27.865Z,2025-09-20T23:26:19.038Z,lifecycle,False,,10,1
2025-09-23 11:00:00+00:00,BE,111,2025-10-01T17:32:27.572Z,2025-09-20T23:26:33.571Z,lifecycle,False,,11,1
2025-09-23 12:00:00+00:00,BE,116,2025-10-01T17:32:27.848Z,2025-09-20T23:26:33.571Z,lifecycle,False,,12,1
2025-09-23 13:00:00+00:00,BE,123,2025-10-01T17:32:27.865Z,2025-09-20T23:26:51.924Z,lifecycle,False,,13,1
2025-09-23 14:00:00+00:00,BE,135,2025-10-01T17:32:27.848Z,2025-09-20T23:26:51.924Z,lifecycle,False,,14,1
2025-09-23 15:00:00+00:00,BE,154,2025-10-01T17:32:27.865Z,2025-09-20T23:26:51.924Z,lifecycle,False,,15,1
2025-09-23 16:00:00+00:00,BE,170,2025-10-01T17:32:27.572Z,2025-09-20T23:26:51.924Z,lifecycle,False,,16,1
2025-09-23 17:00:00+00:00,BE,193,2025-10-12T00:17:30.307Z,2025-09-20T23:26:51.924Z,lifecycle,False,,17,1
2025-09-23 18:00:00+00:00,BE,189,2025-10-12T00:17:30.307Z,2025-09-20T23:26:33.571Z,lifecycle,False,,18,1
2025-09-23 19:00:00+00:00,BE,182,2025-10-12T00:17:32.214Z,2025-09-20T23:26:33.571Z,lifecycle,False,,19,1
2025-09-23 20:00:00+00:00,BE,162,2025-10-12T00:17:30.307Z,2025-09-20T23:26:33.571Z,lifecycle,False,,20,1
2025-09-23 21:00:00+00:00,BE,141,2025-10-01T17:32:27.865Z,2025-09-20T23:26:19.038Z,lifecycle,False,,21,1
2025-09-23 22:00:00+00:00,BE,114,2025-10-01T17:32:27.848Z,2025-09-20T23:26:51.924Z,lifecycle,False,,22,1
2025-09-23 23:00:00+00:00,BE,120,2025-10-03T00:41:49.531Z,2025-09-20T23:26:51.924Z,lifecycle,False,,23,1
2025-09-24 00:00:00+00:00,BE,114,2025-10-01T17:32:27.848Z,2025-09-21T22:55:40.315Z,lifecycle,False,,0,2
2025-09-24 01:00:00+00:00,BE,112,2025-10-01T17:32:27.848Z,2025-09-21T22:55:40.315Z,lifecycle,False,,1,2
2025-09-24 02:00:00+00:00,BE,114,2025-10-01T17:32:40.470Z,2025-09-21T23:25:33.277Z,lifecycle,False,,2,2
2025-09-24 03:00:00+00:00,BE,133,2025-10-03T00:41:24.652Z,2025-09-21T23:25:16.634Z,lifecycle,False,,3,2
2025-09-24 04:00:00+00:00,BE,169,2025-10-12T00:17:32.362Z,2025-09-21T23:25:46.560Z,lifecycle,False,,4,2
2025-09-24 05:00:00+00:00,BE,168,2025-10-01T17:32:27.848Z,2025-09-21T23:25:16.634Z,lifecycle,False,,5,2
2025-09-24 06:00:00+00:00,BE,165,2025-10-01T17:32:27.848Z,2025-09-21T23:25:46.560Z,lifecycle,False,,6,2
2025-09-24 07:00:00+00:00,BE,148,2025-10-01T17:32:40.361Z,2025-09-21T23:25:16.634Z,lifecycle,False,,7,2
2025-09-24 08:00:00+00:00,BE,112,2025-10-01T17:32:40.361Z,2025-09-21T23:25:16.634Z,lifecycle,False,,8,2
2025-09-24 09:00:00+00:00,BE,101,2025-10-01T17:32:40.690Z,2025-09-21T23:25:46.560Z,lifecycle,False,,9,2
2025-09-24 10:00:00+00:00,BE,92,2025-10-01T17:32:40.470Z,2025-09-21T23:25:16.634Z,lifecycle,False,,10,2
2025-09-24 11:00:00+00:00,BE,89,2025-10-01T17:32:40.361Z,2025-09-21T23:25:33.277Z,lifecycle,False,,11,2
2025-09-24 12:00:00+00:00,BE,87,2025-10-01T17:32:40.690Z,2025-09-21T23:25:46.560Z,lifecycle,False,,12,2
2025-09-24 13:00:00+00:00,BE,90,2025-10-01T17:32:40.470Z,2025-09-21T23:25:16.634Z,lifecycle,False,,13,2
2025-09-24 14:00:00+00:00,BE,100,2025-10-12T00:17:32.214Z,2025-09-21T23:25:33.277Z,lifecycle,False,,14,2
2025-09-24 15:00:00+00:00,BE,116,2025-10-12T00:17:32.214Z,2025-09-21T23:25:46.560Z,lifecycle,False,,15,2
2025-09-24 16:00:00+00:00,BE,156,2025-10-12T00:17:30.307Z,2025-09-21T23:25:16.634Z,lifecycle,False,,16,2
2025-09-24 17:00:00+00:00,BE,182,2025-10-12T00:17:30.307Z,2025-09-21T23:25:46.560Z,lifecycle,False,,17,2
2025-09-24 18:00:00+00:00,BE,177,2025-10-12T00:17:32.214Z,2025-09-21T23:25:46.560Z,lifecycle,False,,18,2
2025-09-24 19:00:00+00:00,BE,170,2025-10-12T00:17:32.362Z,2025-09-21T23:25:16.634Z,lifecycle,False,,19,2
2025-09-24 20:00:00+00:00,BE,148,2025-10-03T00:42:05.919Z,2025-09-21T23:25:16.634Z,lifecycle,False,,20,2
2025-09-24 21:00:00+00:00,BE,149,2025-10-03T00:42:05.919Z,2025-09-21T23:25:16.634Z,lifecycle,False,,21,2
2025-09-24 22:00:00+00:00,BE,124,2025-10-01T17:32:40.690Z,2025-09-21T23:25:16.634Z,lifecycle,False,,22,2
2025-09-24 23:00:00+00:00,BE,124,2025-10-04T00:41:11.756Z,2025-09-21T23:25:33.277Z,lifecycle,False,,23,2
2025-09-25 00:00:00+00:00,BE,122,2025-10-04T00:41:38.003Z,2025-09-22T22:27:46.051Z,lifecycle,False,,0,3
2025-09-25 01:00:00+00:00,BE,122,2025-10-04T00:41:11.756Z,2025-09-22T22:27:46.051Z,lifecycle,False,,1,3
2025-09-25 02:00:00+00:00,BE,126,2025-10-04T00:41:11.756Z,2025-09-22T23:25:49.925Z,lifecycle,False,,2,3
2025-09-25 03:00:00+00:00,BE,140,2025-10-04T00:41:11.756Z,2025-09-22T23:25:49.925Z,lifecycle,False,,3,3
2025-09-25 04:00:00+00:00,BE,159,2025-10-04T00:41:38.003Z,2025-09-22T23:26:22.153Z,lifecycle,False,,4,3
2025-09-25 05:00:00+00:00,BE,163,2025-10-04T00:41:38.003Z,2025-09-22T23:26:22.153Z,lifecycle,False,,5,3
2025-09-25 06:00:00+00:00,BE,157,2025-10-12T00:17:32.362Z,2025-09-22T23:26:08.363Z,lifecycle,False,,6,3
2025-09-25 07:00:00+00:00,BE,130,2025-10-12T00:17:32.214Z,2025-09-22T23:25:49.925Z,lifecycle,False,,7,3
2025-09-25 08:00:00+00:00,BE,105,2025-10-12T00:17:32.362Z,2025-09-22T23:26:22.153Z,lifecycle,False,,8,3
2025-09-25 09:00:00+00:00,BE,96,2025-10-12T00:17:32.214Z,2025-09-22T23:26:22.153Z,lifecycle,False,,9,3
2025-09-25 10:00:00+00:00,BE,91,2025-10-12T00:17:30.307Z,2025-09-22T23:26:22.153Z,lifecycle,False,,10,3
2025-09-25 11:00:00+00:00,BE,97,2025-10-03T00:41:46.427Z,2025-09-22T23:25:49.925Z,lifecycle,False,,11,3
2025-09-25 12:00:00+00:00,BE,106,2025-10-12T00:17:47.690Z,2025-09-22T23:26:22.153Z,lifecycle,False,,12,3
2025-09-25 13:00:00+00:00,BE,124,2025-10-12T00:17:32.362Z,2025-09-22T23:25:49.925Z,lifecycle,False,,13,3
2025-09-25 14:00:00+00:00,BE,143,2025-10-12T00:17:47.690Z,2025-09-22T23:26:08.363Z,lifecycle,False,,14,3
2025-09-25 15:00:00+00:00,BE,165,2025-10-12T00:17:49.484Z,2025-09-22T23:26:08.363Z,lifecycle,False,,15,3
2025-09-25 16:00:00+00:00,BE,207,2025-10-12T00:17:49.770Z,2025-09-22T23:25:49.925Z,lifecycle,False,,16,3
2025-09-25 17:00:00+00:00,BE,202,2025-10-12T00:17:49.770Z,2025-09-22T23:25:49.925Z,lifecycle,False,,17,3
2025-09-25 18:00:00+00:00,BE,219,2025-10-12T00:17:49.770Z,2025-09-22T23:25:49.925Z,lifecycle,False,,18,3
2025-09-25 19:00:00+00:00,BE,230,2025-10-12T00:17:49.484Z,2025-09-22T23:26:08.363Z,lifecycle,False,,19,3
2025-09-25 20:00:00+00:00,BE,220,2025-10-04T00:41:52.162Z,2025-09-22T23:26:08.363Z,lifecycle,False,,20,3
2025-09-25 21:00:00+00:00,BE,180,2025-10-04T00:41:43.633Z,2025-09-22T23:26:08.363Z,lifecycle,False,,21,3
2025-09-25 22:00:00+00:00,BE,149,2025-10-04T00:41:33.978Z,2025-09-22T23:25:49.925Z,lifecycle,False,,22,3
2025-09-25 23:00:00+00:00,BE,148,2025-10-05T00:14:36.418Z,2025-09-22T23:26:22.153Z,lifecycle,False,,23,3
2025-09-26 00:00:00+00:00,BE,143,2025-10-05T00:14:36.418Z,2025-09-23T22:41:00.215Z,lifecycle,False,,0,4
2025-09-26 01:00:00+00:00,BE,146,2025-10-05T00:14:33.632Z,2025-09-23T22:41:00.215Z,lifecycle,False,,1,4
2025-09-26 02:00:00+00:00,BE,155,2025-10-05T00:14:33.632Z,2025-09-23T23:27:27.610Z,lifecycle,False,,2,4
2025-09-26 03:00:00+00:00,BE,191,2025-10-04T00:41:52.162Z,2025-09-23T23:27:14.641Z,lifecycle,False,,3,4
2025-09-26 04:00:00+00:00,BE,226,2025-10-04T00:41:43.633Z,2025-09-23T23:27:14.641Z,lifecycle,False,,4,4
2025-09-26 05:00:00+00:00,BE,219,2025-10-04T00:41:43.633Z,2025-09-23T23:27:27.610Z,lifecycle,False,,5,4
2025-09-26 06:00:00+00:00,BE,217,2025-10-12T00:17:47.690Z,2025-09-23T23:27:14.641Z,lifecycle,False,,6,4
2025-09-26 07:00:00+00:00,BE,208,2025-10-04T00:41:43.633Z,2025-09-23T23:27:14.641Z,lifecycle,False,,7,4
2025-09-26 08:00:00+00:00,BE,181,2025-10-12T00:17:49.484Z,2025-09-23T23:27:14.641Z,lifecycle,False,,8,4
2025-09-26 09:00:00+00:00,BE,154,2025-10-12T00:17:47.690Z,2025-09-23T23:27:27.610Z,lifecycle,False,,9,4
2025-09-26 10:00:00+00:00,BE,148,2025-10-12T00:17:49.484Z,2025-09-23T23:27:27.610Z,lifecycle,False,,10,4
2025-09-26 11:00:00+00:00,BE,145,2025-10-12T00:17:49.484Z,2025-09-23T23:27:27.610Z,lifecycle,False,,11,4
2025-09-26 12:00:00+00:00,BE,137,2025-10-12T00:17:49.484Z,2025-09-23T23:27:14.641Z,lifecycle,False,,12,4
2025-09-26 13:00:00+00:00,BE,141,2025-10-12T00:17:49.770Z,2025-09-23T23:27:02.925Z,lifecycle,False,,13,4
2025-09-26 14:00:00+00:00,BE,162,2025-10-05T00:14:36.418Z,2025-09-23T23:27:27.610Z,lifecycle,False,,14,4
2025-09-26 15:00:00+00:00,BE,179,2025-10-12T00:17:49.770Z,2025-09-23T23:27:14.641Z,lifecycle,False,,15,4
2025-09-26 16:00:00+00:00,BE,207,2025-10-12T00:17:47.690Z,2025-09-23T23:27:27.610Z,lifecycle,False,,16,4
2025-09-26 17:00:00+00:00,BE,233,2025-10-12T00:17:49.484Z,2025-09-23T23:27:27.610Z,lifecycle,False,,17,4
2025-09-26 18:00:00+00:00,BE,247,2025-10-12T00:17:47.690Z,2025-09-23T23:27:14.641Z,lifecycle,False,,18,4
2025-09-26 19:00:00+00:00,BE,259,2025-10-12T00:17:49.770Z,2025-09-23T23:27:27.610Z,lifecycle,False,,19,4
2025-09-26 20:00:00+00:00,BE,249,2025-10-05T00:14:33.632Z,2025-09-23T23:27:02.925Z,lifecycle,False,,20,4
2025-09-26 21:00:00+00:00,BE,221,2025-10-05T00:41:10.328Z,2025-09-23T23:27:02.925Z,lifecycle,False,,21,4
2025-09-26 22:00:00+00:00,BE,194,2025-10-04T00:41:52.162Z,2025-09-23T23:27:02.925Z,lifecycle,False,,22,4
2025-09-26 23:00:00+00:00,BE,176,2025-10-06T00:35:52.326Z,2025-09-23T23:27:02.925Z,lifecycle,False,,23,4
2025-09-27 00:00:00+00:00,BE,172,2025-10-06T00:36:16.652Z,2025-09-24T22:26:12.988Z,lifecycle,False,,0,5
2025-09-27 01:00:00+00:00,BE,169,2025-10-06T00:36:12.214Z,2025-09-24T22:26:12.988Z,lifecycle,False,,1,5
2025-09-27 02:00:00+00:00,BE,168,2025-10-06T00:36:16.652Z,2025-09-24T23:11:51.697Z,lifecycle,False,,2,5
2025-09-27 03:00:00+00:00,BE,173,2025-10-06T00:36:16.652Z,2025-09-24T23:11:51.697Z,lifecycle,False,,3,5
2025-09-27 04:00:00+00:00,BE,160,2025-10-12T00:17:49.770Z,2025-09-24T23:11:51.697Z,lifecycle,False,,4,5
2025-09-27 05:00:00+00:00,BE,166,2025-10-12T00:17:49.770Z,2025-09-24T23:11:51.697Z,lifecycle,False,,5,5
2025-09-27 06:00:00+00:00,BE,152,2025-10-12T00:17:49.770Z,2025-09-24T23:11:34.518Z,lifecycle,False,,6,5
2025-09-27 07:00:00+00:00,BE,130,2025-10-12T00:17:47.690Z,2025-09-24T23:11:51.697Z,lifecycle,False,,7,5
2025-09-27 08:00:00+00:00,BE,114,2025-10-12T00:17:49.770Z,2025-09-24T23:12:06.280Z,lifecycle,False,,8,5
2025-09-27 09:00:00+00:00,BE,103,2025-10-06T00:36:16.652Z,2025-09-24T23:11:51.697Z,lifecycle,False,,9,5
2025-09-27 10:00:00+00:00,BE,94,2025-10-06T00:36:16.652Z,2025-09-24T23:11:34.518Z,lifecycle,False,,10,5
2025-09-27 11:00:00+00:00,BE,90,2025-10-06T00:36:12.214Z,2025-09-24T23:11:51.697Z,lifecycle,False,,11,5
2025-09-27 12:00:00+00:00,BE,85,2025-10-06T00:36:12.214Z,2025-09-24T23:12:06.280Z,lifecycle,False,,12,5
2025-09-27 13:00:00+00:00,BE,100,2025-10-12T00:18:08.937Z,2025-09-24T23:12:06.280Z,lifecycle,False,,13,5
2025-09-27 14:00:00+00:00,BE,129,2025-10-06T00:36:12.214Z,2025-09-24T23:11:34.518Z,lifecycle,False,,14,5
2025-09-27 15:00:00+00:00,BE,166,2025-10-06T00:36:16.652Z,2025-09-24T23:11:51.697Z,lifecycle,False,,15,5
2025-09-27 16:00:00+00:00,BE,151,2025-10-06T00:36:22.119Z,2025-09-24T23:11:51.697Z,lifecycle,False,,16,5
2025-09-27 17:00:00+00:00,BE,167,2025-10-12T00:18:09.147Z,2025-09-24T23:11:34.518Z,lifecycle,False,,17,5
2025-09-27 18:00:00+00:00,BE,163,2025-10-06T00:36:22.119Z,2025-09-24T23:11:51.697Z,lifecycle,False,,18,5
2025-09-27 19:00:00+00:00,BE,169,2025-10-06T00:36:04.178Z,2025-09-24T23:12:06.280Z,lifecycle,False,,19,5
2025-09-27 20:00:00+00:00,BE,193,2025-10-06T00:36:22.119Z,2025-09-24T23:11:34.518Z,lifecycle,False,,20,5
2025-09-27 21:00:00+00:00,BE,194,2025-10-06T00:36:04.178Z,2025-09-24T23:11:34.518Z,lifecycle,False,,21,5
2025-09-27 22:00:00+00:00,BE,162,2025-10-06T00:36:22.119Z,2025-09-24T23:11:34.518Z,lifecycle,False,,22,5
2025-09-27 23:00:00+00:00,BE,155,2025-10-06T00:36:22.119Z,2025-09-24T23:11:51.697Z,lifecycle,False,,23,5
2025-09-28 00:00:00+00:00,BE,137,2025-10-06T00:36:26.597Z,2025-09-25T22:55:34.135Z,lifecycle,False,,0,6
2025-09-28 01:00:00+00:00,BE,133,2025-10-12T00:18:09.147Z,2025-09-25T22:55:10.920Z,lifecycle,False,,1,6
2025-09-28 02:00:00+00:00,BE,131,2025-10-12T00:18:07.793Z,2025-09-25T23:40:29.373Z,lifecycle,False,,2,6
2025-09-28 03:00:00+00:00,BE,121,2025-10-06T00:36:26.597Z,2025-09-25T23:40:13.788Z,lifecycle,False,,3,6
2025-09-28 04:00:00+00:00,BE,132,2025-10-06T00:36:22.119Z,2025-09-25T23:40:41.100Z,lifecycle,False,,4,6
2025-09-28 05:00:00+00:00,BE,131,2025-10-06T00:36:26.597Z,2025-09-25T23:40:29.373Z,lifecycle,False,,5,6
2025-09-28 06:00:00+00:00,BE,113,2025-10-12T00:18:07.793Z,2025-09-25T23:40:13.788Z,lifecycle,False,,6,6
2025-09-28 07:00:00+00:00,BE,93,2025-10-06T00:36:22.119Z,2025-09-25T23:40:41.100Z,lifecycle,False,,7,6
2025-09-28 08:00:00+00:00,BE,88,2025-10-06T00:36:22.119Z,2025-09-25T23:40:41.100Z,lifecycle,False,,8,6
2025-09-28 09:00:00+00:00,BE,80,2025-10-06T00:36:26.597Z,2025-09-25T23:40:13.788Z,lifecycle,False,,9,6
2025-09-28 10:00:00+00:00,BE,83,2025-10-06T00:36:04.178Z,2025-09-25T23:40:13.788Z,lifecycle,False,,10,6
2025-09-28 11:00:00+00:00,BE,83,2025-10-06T00:36:04.178Z,2025-09-25T23:40:13.788Z,lifecycle,False,,11,6
2025-09-28 12:00:00+00:00,BE,76,2025-10-06T00:36:04.178Z,2025-09-25T23:40:29.373Z,lifecycle,False,,12,6
2025-09-28 13:00:00+00:00,BE,75,2025-10-06T00:36:04.178Z,2025-09-25T23:40:41.100Z,lifecycle,False,,13,6
2025-09-28 14:00:00+00:00,BE,90,2025-10-06T00:36:26.597Z,2025-09-25T23:40:41.100Z,lifecycle,False,,14,6
2025-09-28 15:00:00+00:00,BE,121,2025-10-06T00:36:26.597Z,2025-09-25T23:40:13.788Z,lifecycle,False,,15,6
2025-09-28 16:00:00+00:00,BE,148,2025-10-12T00:18:07.793Z,2025-09-25T23:40:41.100Z,lifecycle,False,,16,6
2025-09-28 17:00:00+00:00,BE,161,2025-10-12T00:18:09.147Z,2025-09-25T23:40:29.373Z,lifecycle,False,,17,6
2025-09-28 18:00:00+00:00,BE,169,2025-10-12T00:18:09.147Z,2025-09-25T23:40:41.100Z,lifecycle,False,,18,6
2025-09-28 19:00:00+00:00,BE,186,2025-10-12T00:18:08.937Z,2025-09-25T23:40:41.100Z,lifecycle,False,,19,6
2025-09-28 20:00:00+00:00,BE,206,2025-10-12T00:18:09.147Z,2025-09-25T23:40:29.373Z,lifecycle,False,,20,6
2025-09-28 21:00:00+00:00,BE,217,2025-10-06T00:36:22.119Z,2025-09-25T23:40:29.373Z,lifecycle,False,,21,6
2025-09-28 22:00:00+00:00,BE,184,2025-10-06T00:36:04.178Z,2025-09-25T23:40:29.373Z,lifecycle,False,,22,6
2025-09-28 23:00:00+00:00,BE,165,2025-10-08T00:43:24.045Z,2025-09-25T23:40:13.788Z,lifecycle,False,,23,6
2025-09-29 00:00:00+00:00,BE,168,2025-10-08T00:44:59.919Z,2025-09-26T21:25:54.779Z,lifecycle,False,,0,0
2025-09-29 01:00:00+00:00,BE,175,2025-10-12T00:18:08.937Z,2025-09-26T21:26:08.809Z,lifecycle,False,,1,0
2025-09-29 02:00:00+00:00,BE,169,2025-10-08T00:44:59.919Z,2025-09-26T21:25:35.413Z,lifecycle,False,,2,0
2025-09-29 03:00:00+00:00,BE,167,2025-10-08T00:44:59.919Z,2025-09-26T21:25:35.413Z,lifecycle,False,,3,0
2025-09-29 04:00:00+00:00,BE,166,2025-10-08T00:43:24.045Z,2025-09-26T21:25:35.413Z,lifecycle,False,,4,0
2025-09-29 05:00:00+00:00,BE,160,2025-10-12T00:18:07.793Z,2025-09-26T21:26:08.809Z,lifecycle,False,,5,0
2025-09-29 06:00:00+00:00,BE,151,2025-10-12T00:18:08.937Z,2025-09-26T21:26:08.809Z,lifecycle,False,,6,0
2025-09-29 07:00:00+00:00,BE,137,2025-10-12T00:18:08.937Z,2025-09-26T21:26:08.809Z,lifecycle,False,,7,0
2025-09-29 08:00:00+00:00,BE,136,2025-10-12T00:18:09.147Z,2025-09-26T21:25:35.413Z,lifecycle,False,,8,0
2025-09-29 09:00:00+00:00,BE,112,2025-10-08T00:43:45.214Z,2025-09-26T21:26:08.809Z,lifecycle,False,,9,0
2025-09-29 10:00:00+00:00,BE,98,2025-10-08T00:44:59.919Z,2025-09-26T21:25:54.779Z,lifecycle,False,,10,0
2025-09-29 11:00:00+00:00,BE,100,2025-10-08T00:43:45.214Z,2025-09-26T21:25:54.779Z,lifecycle,False,,11,0
2025-09-29 12:00:00+00:00,BE,108,2025-10-08T00:44:59.919Z,2025-09-26T21:25:54.779Z,lifecycle,False,,12,0
2025-09-29 13:00:00+00:00,BE,116,2025-10-08T00:43:45.214Z,2025-09-26T21:25:35.413Z,lifecycle,False,,13,0
2025-09-29 14:00:00+00:00,BE,149,2025-10-08T00:43:24.045Z,2025-09-26T21:26:08.809Z,lifecycle,False,,14,0
2025-09-29 15:00:00+00:00,BE,178,2025-10-08T00:44:59.919Z,2025-09-26T21:25:35.413Z,lifecycle,False,,15,0
2025-09-29 16:00:00+00:00,BE,220,2025-10-08T00:43:37.874Z,2025-09-26T21:25:35.413Z,lifecycle,False,,16,0
2025-09-29 17:00:00+00:00,BE,232,2025-10-08T00:45:10.549Z,2025-09-26T21:25:54.779Z,lifecycle,False,,17,0
2025-09-29 18:00:00+00:00,BE,230,2025-10-08T00:45:10.549Z,2025-09-26T21:26:08.809Z,lifecycle,False,,18,0
2025-09-29 19:00:00+00:00,BE,241,2025-10-08T00:45:10.549Z,2025-09-26T21:26:08.809Z,lifecycle,False,,19,0
2025-09-29 20:00:00+00:00,BE,239,2025-10-08T00:43:37.874Z,2025-09-26T21:26:08.809Z,lifecycle,False,,20,0
2025-09-29 21:00:00+00:00,BE,240,2025-10-08T00:45:10.549Z,2025-09-26T21:25:35.413Z,lifecycle,False,,21,0
2025-09-29 22:00:00+00:00,BE,223,2025-10-08T00:45:10.549Z,2025-09-26T23:10:45.420Z,lifecycle,False,,22,0
2025-09-29 23:00:00+00:00,BE,191,2025-10-09T00:34:46.033Z,2025-09-26T23:11:00.584Z,lifecycle,False,,23,0
2025-09-30 00:00:00+00:00,BE,230,2025-10-08T00:45:10.549Z,2025-09-27T22:40:35.191Z,lifecycle,False,,0,1
2025-09-30 01:00:00+00:00,BE,221,2025-10-08T00:43:57.503Z,2025-09-27T22:40:46.778Z,lifecycle,False,,1,1
2025-09-30 02:00:00+00:00,BE,211,2025-10-08T00:45:10.549Z,2025-09-27T23:41:44.984Z,lifecycle,False,,2,1
2025-09-30 03:00:00+00:00,BE,213,2025-10-08T00:43:57.503Z,2025-09-27T23:41:44.984Z,lifecycle,False,,3,1
2025-09-30 04:00:00+00:00,BE,228,2025-10-08T00:43:57.503Z,2025-09-27T23:41:57.292Z,lifecycle,False,,4,1
2025-09-30 05:00:00+00:00,BE,245,2025-10-08T00:43:57.503Z,2025-09-27T23:41:57.292Z,lifecycle,False,,5,1
2025-09-30 06:00:00+00:00,BE,243,2025-10-09T00:34:56.982Z,2025-09-27T23:41:44.984Z,lifecycle,False,,6,1
2025-09-30 07:00:00+00:00,BE,208,2025-10-09T00:34:46.033Z,2025-09-27T23:41:32.323Z,lifecycle,False,,7,1
2025-09-30 08:00:00+00:00,BE,186,2025-10-08T00:45:10.549Z,2025-09-27T23:41:57.292Z,lifecycle,False,,8,1
2025-09-30 09:00:00+00:00,BE,146,2025-10-08T00:43:37.874Z,2025-09-27T23:41:57.292Z,lifecycle,False,,9,1
2025-09-30 10:00:00+00:00,BE,138,2025-10-08T00:45:10.549Z,2025-09-27T23:41:32.323Z,lifecycle,False,,10,1
2025-09-30 11:00:00+00:00,BE,137,2025-10-08T00:45:10.549Z,2025-09-27T23:41:44.984Z,lifecycle,False,,11,1
2025-09-30 12:00:00+00:00,BE,138,2025-10-08T00:43:37.874Z,2025-09-27T23:41:44.984Z,lifecycle,False,,12,1
2025-09-30 13:00:00+00:00,BE,152,2025-10-08T00:43:37.874Z,2025-09-27T23:41:32.323Z,lifecycle,False,,13,1
2025-09-30 14:00:00+00:00,BE,173,2025-10-08T00:43:37.874Z,2025-09-27T23:41:44.984Z,lifecycle,False,,14,1
2025-09-30 15:00:00+00:00,BE,193,2025-10-08T00:45:10.549Z,2025-09-27T23:41:44.984Z,lifecycle,False,,15,1
2025-09-30 16:00:00+00:00,BE,221,2025-10-09T00:33:51.689Z,2025-09-27T23:41:32.323Z,lifecycle,False,,16,1
2025-09-30 17:00:00+00:00,BE,231,2025-10-12T00:18:27.676Z,2025-09-27T23:41:32.323Z,lifecycle,False,,17,1
2025-09-30 18:00:00+00:00,BE,249,2025-10-12T00:18:27.185Z,2025-09-27T23:41:32.323Z,lifecycle,False,,18,1
2025-09-30 19:00:00+00:00,BE,263,2025-10-12T00:18:27.185Z,2025-09-27T23:41:44.984Z,lifecycle,False,,19,1
2025-09-30 20:00:00+00:00,BE,266,2025-10-12T00:18:27.676Z,2025-09-27T23:41:32.323Z,lifecycle,False,,20,1
2025-09-30 21:00:00+00:00,BE,273,2025-10-09T00:34:05.012Z,2025-09-27T23:41:32.323Z,lifecycle,False,,21,1
2025-09-30 22:00:00+00:00,BE,317,2025-10-09T00:35:04.678Z,2025-09-27T23:41:44.984Z,lifecycle,False,,22,1
2025-09-30 23:00:00+00:00,BE,314,2025-10-10T00:34:12.033Z,2025-09-27T23:41:32.323Z,lifecycle,False,,23,1
2025-10-01 00:00:00+00:00,BE,295,2025-10-11T00:33:48.404Z,2025-09-28T22:40:17.823Z,lifecycle,False,,0,2
2025-10-01 01:00:00+00:00,BE,275,2025-10-11T00:34:13.859Z,2025-09-28T22:40:28.476Z,lifecycle,False,,1,2
2025-10-01 02:00:00+00:00,BE,278,2025-10-08T00:43:57.503Z,2025-09-28T23:25:28.638Z,lifecycle,False,,2,2
2025-10-01 03:00:00+00:00,BE,264,2025-10-08T00:45:10.549Z,2025-09-28T23:25:46.714Z,lifecycle,False,,3,2
2025-10-01 04:00:00+00:00,BE,251,2025-10-08T00:45:10.549Z,2025-09-28T23:25:46.714Z,lifecycle,False,,4,2
2025-10-01 05:00:00+00:00,BE,243,2025-10-08T00:43:57.503Z,2025-09-28T23:26:00.363Z,lifecycle,False,,5,2
2025-10-01 06:00:00+00:00,BE,241,2025-10-08T00:43:57.503Z,2025-09-28T23:25:46.714Z,lifecycle,False,,6,2
2025-10-01 07:00:00+00:00,BE,234,2025-10-11T00:34:31.371Z,2025-09-28T23:25:46.714Z,lifecycle,False,,7,2
2025-10-01 08:00:00+00:00,BE,169,2025-10-11T00:34:31.371Z,2025-09-28T23:26:00.363Z,lifecycle,False,,8,2
2025-10-01 09:00:00+00:00,BE,137,2025-10-11T00:33:48.404Z,2025-09-28T23:26:00.363Z,lifecycle,False,,9,2
2025-10-01 10:00:00+00:00,BE,118,2025-10-11T00:33:48.404Z,2025-09-28T23:25:46.714Z,lifecycle,False,,10,2
2025-10-01 11:00:00+00:00,BE,105,2025-10-08T00:43:46.962Z,2025-09-28T23:26:00.363Z,lifecycle,False,,11,2
2025-10-01 12:00:00+00:00,BE,105,2025-10-08T00:43:46.962Z,2025-09-28T23:25:28.638Z,lifecycle,False,,12,2
2025-10-01 13:00:00+00:00,BE,116,2025-10-08T00:43:46.962Z,2025-09-28T23:26:00.363Z,lifecycle,False,,13,2
2025-10-01 14:00:00+00:00,BE,160,2025-10-08T00:43:46.962Z,2025-09-28T23:25:46.714Z,lifecycle,False,,14,2
2025-10-01 15:00:00+00:00,BE,198,2025-10-08T00:45:16.741Z,2025-09-28T23:25:46.714Z,lifecycle,False,,15,2
2025-10-01 16:00:00+00:00,BE,240,2025-10-08T00:43:46.962Z,2025-09-28T23:25:46.714Z,lifecycle,False,,16,2
2025-10-01 17:00:00+00:00,BE,262,2025-10-08T00:45:16.741Z,2025-09-28T23:25:28.638Z,lifecycle,False,,17,2
2025-10-01 18:00:00+00:00,BE,289,2025-10-08T00:45:16.741Z,2025-09-28T23:25:46.714Z,lifecycle,False,,18,2
2025-10-01 19:00:00+00:00,BE,296,2025-10-10T00:34:22.075Z,2025-09-28T23:26:00.363Z,lifecycle,False,,19,2
2025-10-01 20:00:00+00:00,BE,313,2025-10-11T00:34:31.371Z,2025-09-28T23:26:00.363Z,lifecycle,False,,20,2
2025-10-01 21:00:00+00:00,BE,298,2025-10-11T00:33:48.404Z,2025-09-28T23:26:00.363Z,lifecycle,False,,21,2
2025-10-01 22:00:00+00:00,BE,294,2025-10-11T00:34:31.371Z,2025-09-28T23:26:00.363Z,lifecycle,False,,22,2
2025-10-01 23:00:00+00:00,BE,278,2025-10-11T00:33:48.404Z,2025-09-28T23:25:46.714Z,lifecycle,False,,23,2
2025-10-02 00:00:00+00:00,BE,237,2025-10-11T00:34:13.859Z,2025-09-29T23:27:58.168Z,lifecycle,False,,0,3
2025-10-02 01:00:00+00:00,BE,227,2025-10-11T00:33:48.404Z,2025-09-29T23:27:58.168Z,lifecycle,False,,1,3
2025-10-02 02:00:00+00:00,BE,229,2025-10-11T00:34:13.859Z,2025-09-29T23:27:58.168Z,lifecycle,False,,2,3
2025-10-02 03:00:00+00:00,BE,244,2025-10-11T00:34:31.371Z,2025-09-29T23:27:46.886Z,lifecycle,False,,3,3
2025-10-02 04:00:00+00:00,BE,261,2025-10-11T00:34:13.859Z,2025-09-29T23:27:19.346Z,lifecycle,False,,4,3
2025-10-02 05:00:00+00:00,BE,240,2025-10-10T00:34:22.075Z,2025-09-29T23:27:46.886Z,lifecycle,False,,5,3
2025-10-02 06:00:00+00:00,BE,253,2025-10-11T00:34:13.859Z,2025-09-29T23:27:58.168Z,lifecycle,False,,6,3
2025-10-02 07:00:00+00:00,BE,211,2025-10-11T00:33:48.404Z,2025-09-29T23:27:46.886Z,lifecycle,False,,7,3
2025-10-02 08:00:00+00:00,BE,135,2025-10-11T00:34:31.371Z,2025-09-29T23:27:58.168Z,lifecycle,False,,8,3
2025-10-02 09:00:00+00:00,BE,106,2025-10-11T00:34:31.371Z,2025-09-29T23:27:46.886Z,lifecycle,False,,9,3
2025-10-02 10:00:00+00:00,BE,96,2025-10-11T00:34:31.371Z,2025-09-29T23:27:46.886Z,lifecycle,False,,10,3
2025-10-02 11:00:00+00:00,BE,90,2025-10-11T00:34:31.371Z,2025-09-29T23:27:46.886Z,lifecycle,False,,11,3
2025-10-02 12:00:00+00:00,BE,91,2025-10-11T00:34:13.859Z,2025-09-29T23:27:19.346Z,lifecycle,False,,12,3
2025-10-02 13:00:00+00:00,BE,93,2025-10-11T00:34:13.859Z,2025-09-29T23:27:46.886Z,lifecycle,False,,13,3
2025-10-02 14:00:00+00:00,BE,112,2025-10-11T00:34:31.371Z,2025-09-29T23:27:46.886Z,lifecycle,False,,14,3
2025-10-02 15:00:00+00:00,BE,167,2025-10-11T00:34:31.371Z,2025-09-29T23:27:46.886Z,lifecycle,False,,15,3
2025-10-02 16:00:00+00:00,BE,216,2025-10-10T00:34:00.145Z,2025-09-29T23:27:58.168Z,lifecycle,False,,16,3
2025-10-02 17:00:00+00:00,BE,233,2025-10-10T00:34:28.080Z,2025-09-29T23:27:58.168Z,lifecycle,False,,17,3
2025-10-02 18:00:00+00:00,BE,232,2025-10-11T00:34:23.928Z,2025-09-29T23:27:19.346Z,lifecycle,False,,18,3
2025-10-02 19:00:00+00:00,BE,201,2025-10-11T00:34:00.063Z,2025-09-29T23:27:58.168Z,lifecycle,False,,19,3
2025-10-02 20:00:00+00:00,BE,141,2025-10-11T00:34:23.928Z,2025-09-29T23:27:46.886Z,lifecycle,False,,20,3
2025-10-02 21:00:00+00:00,BE,117,2025-10-11T00:34:00.063Z,2025-09-29T23:27:19.346Z,lifecycle,False,,21,3
2025-10-02 22:00:00+00:00,BE,120,2025-10-11T00:34:41.020Z,2025-09-29T23:27:19.346Z,lifecycle,False,,22,3
2025-10-02 23:00:00+00:00,BE,118,2025-10-12T00:38:07.896Z,2025-09-29T23:27:19.346Z,lifecycle,False,,23,3
2025-10-03 00:00:00+00:00,BE,111,2025-10-12T00:37:50.999Z,2025-09-30T22:40:23.749Z,lifecycle,False,,0,4
2025-10-03 01:00:00+00:00,BE,118,2025-10-11T00:34:41.020Z,2025-09-30T22:40:09.291Z,lifecycle,False,,1,4
2025-10-03 02:00:00+00:00,BE,124,2025-10-11T00:34:23.928Z,2025-09-30T23:55:31.672Z,lifecycle,False,,2,4
2025-10-03 03:00:00+00:00,BE,115,2025-10-11T00:34:41.020Z,2025-09-30T23:55:08.546Z,lifecycle,False,,3,4
2025-10-03 04:00:00+00:00,BE,119,2025-10-11T00:34:00.063Z,2025-09-30T23:55:20.759Z,lifecycle,False,,4,4
2025-10-03 05:00:00+00:00,BE,129,2025-10-12T00:38:07.896Z,2025-09-30T23:55:20.759Z,lifecycle,False,,5,4
2025-10-03 06:00:00+00:00,BE,137,2025-10-12T00:38:30.714Z,2025-09-30T23:55:08.546Z,lifecycle,False,,6,4
2025-10-03 07:00:00+00:00,BE,135,2025-10-12T00:38:30.714Z,2025-09-30T23:55:20.759Z,lifecycle,False,,7,4
2025-10-03 08:00:00+00:00,BE,118,2025-10-12T00:38:07.896Z,2025-09-30T23:55:20.759Z,lifecycle,False,,8,4
2025-10-03 09:00:00+00:00,BE,105,2025-10-12T00:37:50.999Z,2025-09-30T23:55:20.759Z,lifecycle,False,,9,4
2025-10-03 10:00:00+00:00,BE,106,2025-10-12T00:38:07.896Z,2025-09-30T23:55:08.546Z,lifecycle,False,,10,4
2025-10-03 11:00:00+00:00,BE,102,2025-10-12T00:38:07.896Z,2025-09-30T23:55:31.672Z,lifecycle,False,,11,4
2025-10-03 12:00:00+00:00,BE,99,2025-10-12T00:38:30.714Z,2025-09-30T23:55:20.759Z,lifecycle,False,,12,4
2025-10-03 13:00:00+00:00,BE,97,2025-10-12T00:38:07.896Z,2025-09-30T23:55:31.672Z,lifecycle,False,,13,4
2025-10-03 14:00:00+00:00,BE,100,2025-10-12T00:38:07.896Z,2025-09-30T23:55:31.672Z,lifecycle,False,,14,4
2025-10-03 15:00:00+00:00,BE,101,2025-10-12T00:38:07.896Z,2025-09-30T23:55:20.759Z,lifecycle,False,,15,4
2025-10-03 16:00:00+00:00,BE,113,2025-10-11T00:34:23.928Z,2025-09-30T23:55:31.672Z,lifecycle,False,,16,4
2025-10-03 17:00:00+00:00,BE,115,2025-10-11T00:34:00.063Z,2025-09-30T23:55:08.546Z,lifecycle,False,,17,4
2025-10-03 18:00:00+00:00,BE,108,2025-10-12T00:38:17.488Z,2025-09-30T23:55:20.759Z,lifecycle,False,,18,4
2025-10-03 19:00:00+00:00,BE,105,2025-10-12T00:38:30.714Z,2025-09-30T23:55:20.759Z,lifecycle,False,,19,4
2025-10-03 20:00:00+00:00,BE,108,2025-10-12T00:38:30.714Z,2025-09-30T23:55:08.546Z,lifecycle,False,,20,4
2025-10-03 21:00:00+00:00,BE,117,2025-10-12T00:38:30.714Z,2025-09-30T23:55:20.759Z,lifecycle,False,,21,4
2025-10-03 22:00:00+00:00,BE,109,2025-10-12T00:38:30.714Z,2025-09-30T23:55:20.759Z,lifecycle,False,,22,4
2025-10-03 23:00:00+00:00,BE,100,2025-10-12T00:38:17.488Z,2025-09-30T23:55:20.759Z,lifecycle,False,,23,4
2025-10-04 00:00:00+00:00,BE,88,2025-10-12T00:38:30.714Z,2025-10-01T22:40:24.263Z,lifecycle,False,,0,5
2025-10-04 01:00:00+00:00,BE,84,2025-10-12T00:38:01.782Z,2025-10-01T22:40:24.263Z,lifecycle,False,,1,5
2025-10-04 02:00:00+00:00,BE,85,2025-10-12T00:38:17.488Z,2025-10-02T00:09:49.381Z,lifecycle,False,,2,5
2025-10-04 03:00:00+00:00,BE,84,2025-10-12T00:38:01.782Z,2025-10-02T00:09:49.381Z,lifecycle,False,,3,5
2025-10-04 04:00:00+00:00,BE,92,2025-10-12T00:38:17.488Z,2025-10-02T00:09:49.381Z,lifecycle,False,,4,5
2025-10-04 05:00:00+00:00,BE,105,2025-10-12T00:38:30.714Z,2025-10-02T00:10:01.131Z,lifecycle,False,,5,5
2025-10-04 06:00:00+00:00,BE,107,2025-10-12T00:38:17.488Z,2025-10-02T00:10:01.131Z,lifecycle,False,,6,5
2025-10-04 07:00:00+00:00,BE,114,2025-10-12T00:38:17.488Z,2025-10-02T00:10:01.131Z,lifecycle,False,,7,5
2025-10-04 08:00:00+00:00,BE,106,2025-10-12T00:38:17.488Z,2025-10-02T00:10:01.131Z,lifecycle,False,,8,5
2025-10-04 09:00:00+00:00,BE,92,2025-10-12T00:38:17.488Z,2025-10-02T00:09:34.641Z,lifecycle,False,,9,5
2025-10-04 10:00:00+00:00,BE,83,2025-10-12T00:38:17.488Z,2025-10-02T00:09:34.641Z,lifecycle,False,,10,5
2025-10-04 11:00:00+00:00,BE,77,2025-10-12T00:38:01.782Z,2025-10-02T00:09:34.641Z,lifecycle,False,,11,5
2025-10-04 12:00:00+00:00,BE,78,2025-10-12T00:38:30.714Z,2025-10-02T00:09:49.381Z,lifecycle,False,,12,5
2025-10-04 13:00:00+00:00,BE,81,2025-10-12T00:38:17.488Z,2025-10-02T00:10:01.131Z,lifecycle,False,,13,5
2025-10-04 14:00:00+00:00,BE,92,2025-10-12T00:38:30.714Z,2025-10-02T00:10:01.131Z,lifecycle,False,,14,5
2025-10-04 15:00:00+00:00,BE,99,2025-10-12T00:38:30.714Z,2025-10-02T00:10:01.131Z,lifecycle,False,,15,5
2025-10-04 16:00:00+00:00,BE,113,2025-10-12T00:38:30.714Z,2025-10-02T00:09:49.381Z,lifecycle,False,,16,5
2025-10-04 17:00:00+00:00,BE,115,2025-10-12T00:38:30.714Z,2025-10-02T00:09:49.381Z,lifecycle,False,,17,5
2025-10-04 18:00:00+00:00,BE,113,2025-10-12T00:38:17.488Z,2025-10-02T00:09:34.641Z,lifecycle,False,,18,5
2025-10-04 19:00:00+00:00,BE,116,2025-10-12T00:38:01.782Z,2025-10-02T00:09:49.381Z,lifecycle,False,,19,5
2025-10-04 20:00:00+00:00,BE,119,2025-10-12T00:38:17.488Z,2025-10-02T00:09:34.641Z,lifecycle,False,,20,5
2025-10-04 21:00:00+00:00,BE,115,2025-10-12T00:38:01.782Z,2025-10-02T00:09:34.641Z,lifecycle,False,,21,5
2025-10-04 22:00:00+00:00,BE,102,2025-10-12T00:38:36.047Z,2025-10-02T00:10:01.131Z,lifecycle,False,,22,5
2025-10-04 23:00:00+00:00,BE,102,2025-10-12T00:38:01.782Z,2025-10-02T00:09:34.641Z,lifecycle,False,,23,5
2025-10-05 00:00:00+00:00,BE,101,2025-10-12T00:38:17.488Z,2025-10-02T21:12:26.247Z,lifecycle,False,,0,6
2025-10-05 01:00:00+00:00,BE,102,2025-10-12T00:38:01.782Z,2025-10-02T21:11:55.226Z,lifecycle,False,,1,6
2025-10-05 02:00:00+00:00,BE,104,2025-10-12T00:38:36.047Z,2025-10-02T21:12:26.247Z,lifecycle,False,,2,6
2025-10-05 03:00:00+00:00,BE,105,2025-10-12T00:38:17.488Z,2025-10-02T21:11:55.226Z,lifecycle,False,,3,6
2025-10-05 04:00:00+00:00,BE,103,2025-10-12T00:38:36.047Z,2025-10-02T21:11:55.226Z,lifecycle,False,,4,6
2025-10-05 05:00:00+00:00,BE,114,2025-10-12T00:38:17.488Z,2025-10-02T21:12:26.247Z,lifecycle,False,,5,6
2025-10-05 06:00:00+00:00,BE,113,2025-10-12T00:38:01.782Z,2025-10-02T21:11:46.978Z,lifecycle,False,,6,6
2025-10-05 07:00:00+00:00,BE,106,2025-10-12T00:38:01.782Z,2025-10-02T21:12:26.247Z,lifecycle,False,,7,6
2025-10-05 08:00:00+00:00,BE,102,2025-10-12T00:38:01.782Z,2025-10-02T21:11:46.978Z,lifecycle,False,,8,6
2025-10-05 09:00:00+00:00,BE,94,2025-10-12T00:38:36.047Z,2025-10-02T21:11:46.978Z,lifecycle,False,,9,6
2025-10-05 10:00:00+00:00,BE,90,2025-10-12T00:38:07.515Z,2025-10-02T21:11:46.978Z,lifecycle,False,,10,6
2025-10-05 11:00:00+00:00,BE,88,2025-10-12T00:38:07.515Z,2025-10-02T21:11:46.978Z,lifecycle,False,,11,6
2025-10-05 12:00:00+00:00,BE,88,2025-10-12T00:38:23.888Z,2025-10-02T21:12:26.247Z,lifecycle,False,,12,6
2025-10-05 13:00:00+00:00,BE,93,2025-10-12T00:38:07.515Z,2025-10-02T21:11:46.978Z,lifecycle,False,,13,6
2025-10-05 14:00:00+00:00,BE,94,2025-10-12T00:38:36.047Z,2025-10-02T21:11:46.978Z,lifecycle,False,,14,6
2025-10-05 15:00:00+00:00,BE,105,2025-10-12T00:38:07.515Z,2025-10-02T21:11:55.226Z,lifecycle,False,,15,6
2025-10-05 16:00:00+00:00,BE,128,2025-10-12T00:38:07.515Z,2025-10-02T21:12:26.247Z,lifecycle,False,,16,6
2025-10-05 17:00:00+00:00,BE,147,2025-10-12T00:38:07.515Z,2025-10-02T21:11:55.226Z,lifecycle,False,,17,6
2025-10-05 18:00:00+00:00,BE,148,2025-10-12T00:38:36.047Z,2025-10-02T21:12:26.247Z,lifecycle,False,,18,6
2025-10-05 19:00:00+00:00,BE,141,2025-10-12T00:38:36.047Z,2025-10-02T21:12:26.247Z,lifecycle,False,,19,6
2025-10-05 20:00:00+00:00,BE,137,2025-10-12T00:38:07.515Z,2025-10-02T21:11:46.978Z,lifecycle,False,,20,6
2025-10-05 21:00:00+00:00,BE,132,2025-10-12T00:38:23.888Z,2025-10-02T21:12:26.247Z,lifecycle,False,,21,6
2025-10-05 22:00:00+00:00,BE,138,2025-10-12T00:38:07.515Z,2025-10-02T23:55:55.725Z,lifecycle,False,,22,6
2025-10-05 23:00:00+00:00,BE,145,2025-10-08T23:40:17.288Z,2025-10-02T23:55:55.725Z,lifecycle,False,,23,6
2025-10-06 00:00:00+00:00,BE,141,2025-10-09T00:25:59.876Z,2025-10-03T21:10:48.574Z,lifecycle,False,,0,0
2025-10-06 01:00:00+00:00,BE,144,2025-10-09T01:40:45.970Z,2025-10-03T21:11:07.634Z,lifecycle,False,,1,0
2025-10-06 02:00:00+00:00,BE,146,2025-10-09T02:24:24.397Z,2025-10-03T21:11:07.634Z,lifecycle,False,,2,0
2025-10-06 03:00:00+00:00,BE,141,2025-10-09T03:40:11.574Z,2025-10-03T21:11:25.087Z,lifecycle,False,,3,0
2025-10-06 04:00:00+00:00,BE,140,2025-10-09T04:41:13.779Z,2025-10-03T21:10:48.574Z,lifecycle,False,,4,0
2025-10-06 05:00:00+00:00,BE,207,2025-10-09T05:55:26.520Z,2025-10-03T21:11:07.634Z,lifecycle,False,,5,0
2025-10-06 06:00:00+00:00,BE,180,2025-10-09T06:25:20.324Z,2025-10-03T21:11:25.087Z,lifecycle,False,,6,0
2025-10-06 07:00:00+00:00,BE,187,2025-10-09T07:55:31.629Z,2025-10-03T21:11:25.087Z,lifecycle,False,,7,0
2025-10-06 08:00:00+00:00,BE,150,2025-10-09T08:55:11.940Z,2025-10-03T21:11:07.634Z,lifecycle,False,,8,0
2025-10-06 09:00:00+00:00,BE,143,2025-10-09T09:40:40.230Z,2025-10-03T21:11:25.087Z,lifecycle,False,,9,0
2025-10-06 10:00:00+00:00,BE,163,2025-10-09T10:39:59.885Z,2025-10-03T21:11:25.087Z,lifecycle,False,,10,0
2025-10-06 11:00:00+00:00,BE,138,2025-10-09T11:26:05.373Z,2025-10-03T21:10:48.574Z,lifecycle,False,,11,0
2025-10-06 12:00:00+00:00,BE,149,2025-10-09T12:55:06.101Z,2025-10-03T21:10:48.574Z,lifecycle,False,,12,0
2025-10-06 13:00:00+00:00,BE,144,2025-10-09T13:55:22.247Z,2025-10-03T21:11:25.087Z,lifecycle,False,,13,0
2025-10-06 14:00:00+00:00,BE,177,2025-10-09T14:40:22.897Z,2025-10-03T21:11:07.634Z,lifecycle,False,,14,0
2025-10-06 15:00:00+00:00,BE,212,2025-10-09T15:39:45.778Z,2025-10-03T21:10:48.574Z,lifecycle,False,,15,0
2025-10-06 16:00:00+00:00,BE,245,2025-10-09T16:55:39.366Z,2025-10-03T21:11:25.087Z,lifecycle,False,,16,0
2025-10-06 17:00:00+00:00,BE,262,2025-10-09T17:40:16.644Z,2025-10-03T21:10:48.574Z,lifecycle,False,,17,0
2025-10-06 18:00:00+00:00,BE,269,2025-10-09T18:26:10.825Z,2025-10-03T21:11:07.634Z,lifecycle,False,,18,0
2025-10-06 19:00:00+00:00,BE,269,2025-10-09T19:55:05.104Z,2025-10-03T21:10:48.574Z,lifecycle,False,,19,0
2025-10-06 20:00:00+00:00,BE,260,2025-10-09T20:40:17.154Z,2025-10-03T21:11:07.634Z,lifecycle,False,,20,0
2025-10-06 21:00:00+00:00,BE,253,2025-10-09T21:39:50.116Z,2025-10-03T21:11:07.634Z,lifecycle,False,,21,0
2025-10-06 22:00:00+00:00,BE,294,2025-10-09T22:25:25.612Z,2025-10-03T23:45:05.909Z,lifecycle,False,,22,0
2025-10-06 23:00:00+00:00,BE,284,2025-10-09T23:40:01.786Z,2025-10-03T23:45:34.827Z,lifecycle,False,,23,0
2025-10-07 00:00:00+00:00,BE,274,2025-10-10T00:24:33.163Z,2025-10-04T22:41:07.846Z,lifecycle,False,,0,1
2025-10-07 01:00:00+00:00,BE,268,2025-10-10T01:24:51.801Z,2025-10-04T22:40:36.796Z,lifecycle,False,,1,1
2025-10-07 02:00:00+00:00,BE,252,2025-10-10T02:39:43.423Z,2025-10-04T23:56:05.076Z,lifecycle,False,,2,1
2025-10-07 03:00:00+00:00,BE,239,2025-10-10T03:39:39.865Z,2025-10-04T23:56:05.076Z,lifecycle,False,,3,1
2025-10-07 04:00:00+00:00,BE,240,2025-10-10T04:25:45.070Z,2025-10-04T23:55:48.559Z,lifecycle,False,,4,1
2025-10-07 05:00:00+00:00,BE,241,2025-10-10T05:24:23.269Z,2025-10-04T23:55:48.559Z,lifecycle,False,,5,1
2025-10-07 06:00:00+00:00,BE,248,2025-10-10T06:25:43.614Z,2025-10-04T23:55:48.559Z,lifecycle,False,,6,1
2025-10-07 07:00:00+00:00,BE,245,2025-10-10T07:40:32.497Z,2025-10-04T23:55:48.559Z,lifecycle,False,,7,1
2025-10-07 08:00:00+00:00,BE,239,2025-10-10T08:40:44.653Z,2025-10-04T23:55:18.487Z,lifecycle,False,,8,1
2025-10-07 09:00:00+00:00,BE,228,2025-10-10T09:26:08.863Z,2025-10-04T23:55:18.487Z,lifecycle,False,,9,1
2025-10-07 10:00:00+00:00,BE,212,2025-10-10T10:39:55.927Z,2025-10-04T23:55:18.487Z,lifecycle,False,,10,1
2025-10-07 11:00:00+00:00,BE,213,2025-10-10T11:24:53.839Z,2025-10-04T23:56:05.076Z,lifecycle,False,,11,1
2025-10-07 12:00:00+00:00,BE,217,2025-10-10T12:25:44.936Z,2025-10-04T23:56:05.076Z,lifecycle,False,,12,1
2025-10-07 13:00:00+00:00,BE,224,2025-10-10T13:24:47.837Z,2025-10-04T23:55:18.487Z,lifecycle,False,,13,1
2025-10-07 14:00:00+00:00,BE,240,2025-10-10T12:25:17.063Z,2025-10-04T23:56:05.076Z,lifecycle,False,,14,1
2025-10-07 15:00:00+00:00,BE,248,2025-10-10T08:40:44.653Z,2025-10-04T23:55:48.559Z,lifecycle,False,,15,1
2025-10-07 16:00:00+00:00,BE,268,2025-10-10T16:25:17.318Z,2025-10-04T23:56:05.076Z,lifecycle,False,,16,1
2025-10-07 17:00:00+00:00,BE,285,2025-10-10T17:24:58.868Z,2025-10-04T23:55:18.487Z,lifecycle,False,,17,1
2025-10-07 18:00:00+00:00,BE,306,2025-10-10T18:55:23.685Z,2025-10-04T23:55:18.487Z,lifecycle,False,,18,1
2025-10-07 19:00:00+00:00,BE,310,2025-10-10T19:39:59.452Z,2025-10-04T23:56:05.076Z,lifecycle,False,,19,1
2025-10-07 20:00:00+00:00,BE,322,2025-10-10T20:26:52.464Z,2025-10-04T23:56:05.076Z,lifecycle,False,,20,1
2025-10-07 21:00:00+00:00,BE,353,2025-10-10T21:26:41.236Z,2025-10-04T23:55:48.559Z,lifecycle,False,,21,1
2025-10-07 22:00:00+00:00,BE,362,2025-10-10T22:24:50.080Z,2025-10-04T23:55:18.487Z,lifecycle,False,,22,1
2025-10-07 23:00:00+00:00,BE,353,2025-10-10T23:54:53.941Z,2025-10-04T23:55:48.559Z,lifecycle,False,,23,1
2025-10-08 00:00:00+00:00,BE,350,2025-10-11T00:24:45.535Z,2025-10-05T22:40:38.322Z,lifecycle,False,,0,2
2025-10-08 01:00:00+00:00,BE,341,2025-10-11T01:25:12.837Z,2025-10-05T22:40:53.615Z,lifecycle,False,,1,2
2025-10-08 02:00:00+00:00,BE,342,2025-10-11T02:25:54.806Z,2025-10-05T23:42:24.437Z,lifecycle,False,,2,2
2025-10-08 03:00:00+00:00,BE,363,2025-10-11T03:25:49.527Z,2025-10-05T23:41:59.142Z,lifecycle,False,,3,2
2025-10-08 04:00:00+00:00,BE,327,2025-10-11T04:24:32.956Z,2025-10-05T23:42:12.367Z,lifecycle,False,,4,2
2025-10-08 05:00:00+00:00,BE,307,2025-10-11T05:26:28.410Z,2025-10-05T23:42:12.367Z,lifecycle,False,,5,2
2025-10-08 06:00:00+00:00,BE,295,2025-10-11T06:26:17.413Z,2025-10-05T23:42:24.437Z,lifecycle,False,,6,2
2025-10-08 07:00:00+00:00,BE,273,2025-10-11T07:55:49.738Z,2025-10-05T23:42:12.367Z,lifecycle,False,,7,2
2025-10-08 08:00:00+00:00,BE,255,2025-10-11T08:25:49.753Z,2025-10-05T23:42:12.367Z,lifecycle,False,,8,2
2025-10-08 09:00:00+00:00,BE,227,2025-10-11T08:25:49.753Z,2025-10-05T23:42:12.367Z,lifecycle,False,,9,2
2025-10-08 10:00:00+00:00,BE,218,2025-10-11T10:25:27.076Z,2025-10-05T23:42:12.367Z,lifecycle,False,,10,2
2025-10-08 11:00:00+00:00,BE,204,2025-10-11T10:25:08.655Z,2025-10-05T23:42:24.437Z,lifecycle,False,,11,2
2025-10-08 12:00:00+00:00,BE,205,2025-10-10T08:40:52.300Z,2025-10-05T23:42:24.437Z,lifecycle,False,,12,2
2025-10-08 13:00:00+00:00,BE,228,2025-10-10T08:40:52.300Z,2025-10-05T23:42:24.437Z,lifecycle,False,,13,2
2025-10-08 14:00:00+00:00,BE,277,2025-10-10T08:40:10.725Z,2025-10-05T23:42:24.437Z,lifecycle,False,,14,2
2025-10-08 15:00:00+00:00,BE,281,2025-10-10T08:40:10.725Z,2025-10-05T23:42:24.437Z,lifecycle,False,,15,2
2025-10-08 16:00:00+00:00,BE,289,2025-10-11T16:26:52.283Z,2025-10-05T23:41:59.142Z,lifecycle,False,,16,2
2025-10-08 17:00:00+00:00,BE,303,2025-10-11T16:40:06.049Z,2025-10-05T23:42:12.367Z,lifecycle,False,,17,2
2025-10-08 18:00:00+00:00,BE,310,2025-10-11T18:24:58.374Z,2025-10-05T23:42:12.367Z,lifecycle,False,,18,2
2025-10-08 19:00:00+00:00,BE,315,2025-10-11T18:24:58.374Z,2025-10-05T23:42:24.437Z,lifecycle,False,,19,2
2025-10-08 20:00:00+00:00,BE,334,2025-10-11T16:40:20.253Z,2025-10-05T23:41:59.142Z,lifecycle,False,,20,2
2025-10-08 21:00:00+00:00,BE,349,2025-10-11T21:25:59.384Z,2025-10-05T23:41:59.142Z,lifecycle,False,,21,2
2025-10-08 22:00:00+00:00,BE,335,2025-10-11T21:25:45.889Z,2025-10-05T23:42:24.437Z,lifecycle,False,,22,2
2025-10-08 23:00:00+00:00,BE,335,2025-10-11T23:55:00.403Z,2025-10-05T23:42:12.367Z,lifecycle,False,,23,2
2025-10-09 00:00:00+00:00,BE,335,2025-10-12T00:40:31.664Z,2025-10-06T22:55:09.864Z,lifecycle,False,,0,3
2025-10-09 01:00:00+00:00,BE,326,2025-10-12T01:38:37.231Z,2025-10-06T22:55:09.864Z,lifecycle,False,,1,3
2025-10-09 02:00:00+00:00,BE,324,2025-10-12T02:24:34.761Z,2025-10-06T23:42:52.814Z,lifecycle,False,,2,3
2025-10-09 03:00:00+00:00,BE,325,2025-10-12T03:55:20.918Z,2025-10-06T23:42:52.814Z,lifecycle,False,,3,3
2025-10-09 04:00:00+00:00,BE,313,2025-10-12T04:24:45.055Z,2025-10-06T23:42:39.935Z,lifecycle,False,,4,3
2025-10-09 05:00:00+00:00,BE,292,2025-10-12T05:40:19.577Z,2025-10-06T23:42:39.935Z,lifecycle,False,,5,3
2025-10-09 06:00:00+00:00,BE,276,2025-10-12T05:40:19.577Z,2025-10-06T23:42:52.814Z,lifecycle,False,,6,3
2025-10-09 07:00:00+00:00,BE,273,2025-10-12T07:40:06.388Z,2025-10-06T23:42:39.935Z,lifecycle,False,,7,3
2025-10-09 08:00:00+00:00,BE,261,2025-10-12T08:25:11.331Z,2025-10-06T23:42:52.814Z,lifecycle,False,,8,3
2025-10-09 09:00:00+00:00,BE,220,2025-10-12T09:24:44.266Z,2025-10-06T23:42:39.935Z,lifecycle,False,,9,3
2025-10-09 10:00:00+00:00,BE,196,2025-10-12T09:10:14.291Z,2025-10-06T23:42:24.482Z,lifecycle,False,,10,3
2025-10-09 11:00:00+00:00,BE,192,2025-10-11T16:40:24.386Z,2025-10-06T23:42:39.935Z,lifecycle,False,,11,3
2025-10-09 12:00:00+00:00,BE,195,2025-10-11T16:40:20.253Z,2025-10-06T23:42:24.482Z,lifecycle,False,,12,3
2025-10-09 13:00:00+00:00,BE,204,2025-10-11T16:40:20.253Z,2025-10-06T23:42:24.482Z,lifecycle,False,,13,3
2025-10-09 14:00:00+00:00,BE,222,2025-10-12T00:25:53.721Z,2025-10-06T23:42:39.935Z,lifecycle,False,,14,3
2025-10-09 15:00:00+00:00,BE,247,2025-10-11T16:40:20.253Z,2025-10-06T23:42:39.935Z,lifecycle,False,,15,3
2025-10-09 16:00:00+00:00,BE,267,2025-10-11T16:40:24.386Z,2025-10-06T23:42:52.814Z,lifecycle,False,,16,3
2025-10-09 17:00:00+00:00,BE,293,2025-10-12T12:25:49.491Z,2025-10-06T23:42:52.814Z,lifecycle,False,,17,3
2025-10-09 18:00:00+00:00,BE,305,2025-10-12T12:25:49.491Z,2025-10-06T23:42:24.482Z,lifecycle,False,,18,3
2025-10-09 19:00:00+00:00,BE,306,2025-10-11T16:40:06.049Z,2025-10-06T23:42:52.814Z,lifecycle,False,,19,3
2025-10-09 20:00:00+00:00,BE,308,2025-10-11T16:40:20.253Z,2025-10-06T23:42:39.935Z,lifecycle,False,,20,3
2025-10-09 21:00:00+00:00,BE,302,2025-10-11T16:40:24.386Z,2025-10-06T23:42:39.935Z,lifecycle,False,,21,3
2025-10-09 22:00:00+00:00,BE,298,2025-10-12T00:26:13.874Z,2025-10-06T23:42:52.814Z,lifecycle,False,,22,3
2025-10-09 23:00:00+00:00,BE,270,2025-10-11T16:40:20.253Z,2025-10-06T23:42:39.935Z,lifecycle,False,,23,3
2025-10-10 00:00:00+00:00,BE,243,2025-10-11T23:41:32.916Z,2025-10-07T23:11:27.681Z,lifecycle,False,,0,4
2025-10-10 01:00:00+00:00,BE,236,2025-10-11T22:40:33.528Z,2025-10-07T23:11:27.681Z,lifecycle,False,,1,4
2025-10-10 02:00:00+00:00,BE,239,2025-10-11T16:40:20.253Z,2025-10-07T23:11:12.438Z,lifecycle,False,,2,4
2025-10-10 03:00:00+00:00,BE,262,2025-10-11T22:40:10.528Z,2025-10-07T23:11:12.438Z,lifecycle,False,,3,4
2025-10-10 04:00:00+00:00,BE,288,2025-10-11T23:41:49.490Z,2025-10-07T23:11:27.681Z,lifecycle,False,,4,4
2025-10-10 05:00:00+00:00,BE,281,2025-10-12T06:26:53.658Z,2025-10-07T23:11:12.438Z,lifecycle,False,,5,4
2025-10-10 06:00:00+00:00,BE,281,2025-10-12T00:25:53.721Z,2025-10-07T23:11:27.681Z,lifecycle,False,,6,4
2025-10-10 07:00:00+00:00,BE,254,2025-10-12T00:25:37.217Z,2025-10-07T23:11:27.681Z,lifecycle,False,,7,4
2025-10-10 08:00:00+00:00,BE,211,2025-10-12T00:25:53.721Z,2025-10-07T23:11:27.681Z,lifecycle,False,,8,4
2025-10-10 09:00:00+00:00,BE,177,2025-10-12T06:54:30.730Z,2025-10-07T23:10:59.975Z,lifecycle,False,,9,4
2025-10-10 10:00:00+00:00,BE,159,2025-10-12T06:54:15.097Z,2025-10-07T23:11:12.438Z,lifecycle,False,,10,4
2025-10-10 11:00:00+00:00,BE,151,2025-10-12T06:54:15.097Z,2025-10-07T23:11:12.438Z,lifecycle,False,,11,4
2025-10-10 12:00:00+00:00,BE,163,2025-10-12T12:26:24.806Z,2025-10-07T23:11:12.438Z,lifecycle,True,TIME_SLICER_AVERAGE,12,4
2025-10-10 13:00:00+00:00,BE,179,2025-10-12T07:24:37.182Z,2025-10-07T23:11:27.681Z,lifecycle,True,TIME_SLICER_AVERAGE,13,4
2025-10-10 14:00:00+00:00,BE,214,2025-10-12T07:24:37.182Z,2025-10-07T23:11:27.681Z,lifecycle,True,TIME_SLICER_AVERAGE,14,4
2025-10-10 15:00:00+00:00,BE,238,2025-10-12T07:24:22.782Z,2025-10-07T23:11:27.681Z,lifecycle,True,TIME_SLICER_AVERAGE,15,4
2025-10-10 16:00:00+00:00,BE,255,2025-10-12T07:24:22.782Z,2025-10-07T23:10:59.975Z,lifecycle,True,TIME_SLICER_AVERAGE,16,4
2025-10-10 17:00:00+00:00,BE,256,2025-10-12T07:24:37.182Z,2025-10-07T23:11:27.681Z,lifecycle,True,TIME_SLICER_AVERAGE,17,4
2025-10-10 18:00:00+00:00,BE,266,2025-10-12T12:25:49.491Z,2025-10-07T23:10:59.975Z,lifecycle,True,TIME_SLICER_AVERAGE,18,4
2025-10-10 19:00:00+00:00,BE,275,2025-10-12T06:54:15.097Z,2025-10-07T23:10:59.975Z,lifecycle,False,,19,4
2025-10-10 20:00:00+00:00,BE,299,2025-10-12T07:24:37.182Z,2025-10-07T23:10:59.975Z,lifecycle,True,TIME_SLICER_AVERAGE,20,4
2025-10-10 21:00:00+00:00,BE,293,2025-10-12T07:24:22.782Z,2025-10-07T23:10:59.975Z,lifecycle,True,TIME_SLICER_AVERAGE,21,4
2025-10-10 22:00:00+00:00,BE,264,2025-10-12T10:10:34.205Z,2025-10-07T23:10:59.975Z,lifecycle,True,TIME_SLICER_AVERAGE,22,4
2025-10-10 23:00:00+00:00,BE,251,2025-10-12T10:10:18.526Z,2025-10-07T23:11:27.681Z,lifecycle,True,TIME_SLICER_AVERAGE,23,4
2025-10-11 00:00:00+00:00,BE,220,2025-10-12T10:10:00.599Z,2025-10-08T22:40:35.601Z,lifecycle,True,TIME_SLICER_AVERAGE,0,5
2025-10-11 01:00:00+00:00,BE,208,2025-10-12T13:10:45.884Z,2025-10-08T22:40:48.545Z,lifecycle,False,,1,5
2025-10-11 02:00:00+00:00,BE,203,2025-10-12T13:10:30.100Z,2025-10-08T23:54:40.301Z,lifecycle,False,,2,5
2025-10-11 03:00:00+00:00,BE,215,2025-10-12T16:39:55.382Z,2025-10-08T23:54:55.011Z,lifecycle,False,,3,5
2025-10-11 04:00:00+00:00,BE,245,2025-10-12T10:10:34.205Z,2025-10-08T23:55:08.225Z,lifecycle,True,TIME_SLICER_AVERAGE,4,5
2025-10-11 05:00:00+00:00,BE,241,2025-10-12T07:24:37.182Z,2025-10-08T23:54:40.301Z,lifecycle,True,TIME_SLICER_AVERAGE,5,5
2025-10-11 06:00:00+00:00,BE,219,2025-10-12T13:10:35.621Z,2025-10-08T23:55:08.225Z,lifecycle,False,,6,5
2025-10-11 07:00:00+00:00,BE,192,2025-10-12T13:10:35.621Z,2025-10-08T23:54:55.011Z,lifecycle,False,,7,5
2025-10-11 08:00:00+00:00,BE,169,2025-10-12T13:10:21.149Z,2025-10-08T23:55:08.225Z,lifecycle,True,TIME_SLICER_AVERAGE,8,5
2025-10-11 09:00:00+00:00,BE,145,2025-10-12T13:10:21.149Z,2025-10-08T23:54:55.011Z,lifecycle,True,TIME_SLICER_AVERAGE,9,5
2025-10-11 10:00:00+00:00,BE,133,2025-10-12T13:10:45.884Z,2025-10-08T23:55:08.225Z,lifecycle,True,TIME_SLICER_AVERAGE,10,5
2025-10-11 11:00:00+00:00,BE,121,2025-10-12T13:10:45.884Z,2025-10-08T23:54:55.011Z,lifecycle,True,TIME_SLICER_AVERAGE,11,5
2025-10-11 12:00:00+00:00,BE,119,2025-10-12T13:10:35.621Z,2025-10-08T23:55:08.225Z,lifecycle,True,TIME_SLICER_AVERAGE,12,5
2025-10-11 13:00:00+00:00,BE,124,2025-10-12T13:56:30.790Z,2025-10-08T23:54:55.011Z,lifecycle,True,TIME_SLICER_AVERAGE,13,5
2025-10-11 14:00:00+00:00,BE,170,2025-10-12T15:11:18.858Z,2025-10-08T23:55:08.225Z,lifecycle,True,TIME_SLICER_AVERAGE,14,5
2025-10-11 15:00:00+00:00,BE,194,2025-10-12T16:10:40.696Z,2025-10-08T23:54:40.301Z,lifecycle,True,TIME_SLICER_AVERAGE,15,5
2025-10-11 16:00:00+00:00,BE,198,2025-10-12T17:10:30.570Z,2025-10-08T23:54:55.011Z,lifecycle,True,TIME_SLICER_AVERAGE,16,5
2025-10-11 17:00:00+00:00,BE,204,2025-10-12T10:10:39.531Z,2025-10-08T23:54:40.301Z,lifecycle,True,TIME_SLICER_AVERAGE,17,5
2025-10-11 18:00:00+00:00,BE,205,2025-10-12T09:24:53.379Z,2025-10-08T23:54:55.011Z,lifecycle,True,TIME_SLICER_AVERAGE,18,5
2025-10-11 19:00:00+00:00,BE,205,2025-10-12T16:40:22.379Z,2025-10-08T23:55:08.225Z,lifecycle,True,TIME_SLICER_AVERAGE,19,5
2025-10-11 20:00:00+00:00,BE,206,2025-10-12T10:10:23.789Z,2025-10-08T23:54:55.011Z,lifecycle,True,TIME_SLICER_AVERAGE,20,5
2025-10-11 21:00:00+00:00,BE,202,2025-10-12T10:10:23.789Z,2025-10-08T23:54:40.301Z,lifecycle,True,TIME_SLICER_AVERAGE,21,5
2025-10-11 22:00:00+00:00,BE,199,2025-10-12T09:25:24.849Z,2025-10-08T23:55:08.225Z,lifecycle,False,,22,5
2025-10-11 23:00:00+00:00,BE,176,2025-10-12T09:25:09.743Z,2025-10-08T23:54:40.301Z,lifecycle,True,TIME_SLICER_AVERAGE,23,5
2025-10-12 00:00:00+00:00,BE,169,2025-10-12T09:24:53.379Z,2025-10-09T22:55:09.554Z,lifecycle,False,,0,6
2025-10-12 01:00:00+00:00,BE,175,2025-10-12T09:25:09.743Z,2025-10-09T22:55:09.554Z,lifecycle,False,,1,6
2025-10-12 02:00:00+00:00,BE,180,2025-10-12T09:25:24.849Z,2025-10-09T23:25:41.496Z,lifecycle,True,TIME_SLICER_AVERAGE,2,6
2025-10-12 03:00:00+00:00,BE,191,2025-10-12T15:40:18.101Z,2025-10-09T23:26:01.562Z,lifecycle,True,TIME_SLICER_AVERAGE,3,6
2025-10-12 04:00:00+00:00,BE,197,2025-10-12T15:40:47.509Z,2025-10-09T23:26:01.562Z,lifecycle,True,TIME_SLICER_AVERAGE,4,6
2025-10-12 05:00:00+00:00,BE,202,2025-10-12T09:24:53.379Z,2025-10-09T23:26:14.729Z,lifecycle,True,TIME_SLICER_AVERAGE,5,6
2025-10-12 06:00:00+00:00,BE,144,2025-10-12T16:40:38.438Z,2025-10-09T23:26:14.729Z,lifecycle,True,TIME_SLICER_AVERAGE,6,6
2025-10-12 07:00:00+00:00,BE,131,2025-10-12T10:40:56.980Z,2025-10-09T23:26:14.729Z,lifecycle,True,TIME_SLICER_AVERAGE,7,6
2025-10-12 08:00:00+00:00,BE,176,2025-10-12T15:40:18.101Z,2025-10-09T23:26:14.729Z,lifecycle,False,,8,6
2025-10-12 09:00:00+00:00,BE,147,2025-10-12T12:40:23.309Z,2025-10-09T23:25:41.496Z,lifecycle,True,TIME_SLICER_AVERAGE,9,6
2025-10-12 10:00:00+00:00,BE,125,2025-10-12T13:10:21.149Z,2025-10-09T23:25:41.496Z,lifecycle,True,TIME_SLICER_AVERAGE,10,6
2025-10-12 11:00:00+00:00,BE,110,2025-10-12T13:56:46.746Z,2025-10-09T23:26:14.729Z,lifecycle,True,TIME_SLICER_AVERAGE,11,6
2025-10-12 12:00:00+00:00,BE,113,2025-10-12T15:40:30.645Z,2025-10-09T23:26:14.729Z,lifecycle,True,TIME_SLICER_AVERAGE,12,6
2025-10-12 13:00:00+00:00,BE,131,2025-10-12T16:40:38.438Z,2025-10-09T23:26:01.562Z,lifecycle,True,TIME_SLICER_AVERAGE,13,6
2025-10-12 14:00:00+00:00,BE,173,2025-10-12T17:10:30.570Z,2025-10-09T23:26:14.729Z,lifecycle,True,TIME_SLICER_AVERAGE,14,6
2025-10-12 15:00:00+00:00,BE,206,2025-10-12T17:10:59.652Z,2025-10-09T23:26:01.562Z,lifecycle,True,TIME_SLICER_AVERAGE,15,6
2025-10-12 16:00:00+00:00,BE,220,2025-10-12T17:10:59.652Z,2025-10-09T23:25:41.496Z,lifecycle,True,TIME_SLICER_AVERAGE,16,6
2025-10-12 17:00:00+00:00,BE,240,2025-10-12T17:10:30.570Z,2025-10-09T23:25:41.496Z,lifecycle,True,TIME_SLICER_AVERAGE,17,6
